ModelFile;PositionX;PositionY;PositionZ;RotationX;RotationY;RotationZ;RotationW;ScaleFactor;ModelId;Type;FileDataID;DoodadSetIndexes;DoodadSetNames
..\..\world\khazmodan\ironforge\buildings\fortress05_05\fortress05_05.obj;17855.318359375;610.6820068359375;22034.12890625;0;330.5;0;;1;153704;m2;203135;0;
..\..\world\khazmodan\ironforge\passivedoodads\trees\wintertree05.obj;17888.38671875;397.8385009765625;22324.33984375;0;295.123779296875;0;;1.091796875;101513;m2;203290;0;
..\..\world\khazmodan\ironforge\buildings\fortress05_05\fortress05_05.obj;17993.87890625;566.3250122070312;22167.197265625;0;344.5;0;;1;153701;m2;203135;0;
..\..\world\khazmodan\ironforge\buildings\fortress02_04\fortress02_04.obj;17987.197265625;693.2849731445312;22029.1875;0;329.5;0;;1;153708;m2;203123;0;
..\..\world\kalimdor\winterspring\passivedoodads\winterspringtrees\winterspringtree02.obj;18137.35546875;496.8759765625;22186.09375;0;180.04901123046875;0;;0.9287109375;598588;m2;202877;0;
..\..\world\khazmodan\ironforge\passivedoodads\trees\wintertree01.obj;18164.576171875;393.0937194824219;22426.6484375;0;228.28500366210938;0;;1.1142578125;101580;m2;203285;0;
..\..\world\khazmodan\ironforge\passivedoodads\trees\wintertree01.obj;17998.349609375;393.3280334472656;22324.69140625;0;175.781005859375;0;;1.0263671875;101563;m2;203285;0;
..\..\world\critter\birds\bird02.obj;17779.146484375;446.2107238769531;22272.28125;0;160.99853515625;0;;1;126093;m2;190720;0;
..\..\world\critter\birds\bird02.obj;17865.859375;510.8518981933594;22106.802734375;0;280.5;0;;1;126087;m2;190720;0;
..\..\world\critter\birds\bird02.obj;17856.240234375;499.5172119140625;22171.15625;0;349.56268310546875;0;;1;126092;m2;190720;0;
..\..\world\critter\birds\bird02.obj;17891.537109375;557.4170532226562;22131.859375;0;353;0;;1;126090;m2;190720;0;
..\..\world\critter\birds\bird02.obj;17839.80078125;552.541015625;22096.01953125;0;276.5;0;;1;126089;m2;190720;0;
..\..\world\critter\birds\bird02.obj;17775.580078125;443.9100646972656;22266.58984375;0;276.4020080566406;0;;1;126094;m2;190720;0;
..\..\world\khazmodan\ironforge\passivedoodads\trees\wintertree03.obj;17749.890625;417.80645751953125;22154.515625;0;346.01397705078125;0;;1.2421875;107317;m2;203287;0;
..\..\world\khazmodan\ironforge\passivedoodads\trees\wintertree01.obj;17784.7265625;391.74798583984375;22322.296875;0;189.2340087890625;0;;0.9892578125;100897;m2;203285;0;
..\..\world\khazmodan\ironforge\buildings\fortress04_06\fortress04_06.obj;17940.12890625;496.3650207519531;22215.822265625;0;354;0;;1;598599;m2;203133;0;
..\..\world\khazmodan\ironforge\buildings\fortress04_06\fortress04_06.obj;18062.626953125;513.4819946289062;22190.94140625;0;17.5;0;;1;153703;m2;203133;0;
..\..\world\khazmodan\ironforge\buildings\fortress04_06\fortress04_06.obj;17902.400390625;520.8201293945312;22153.974609375;0;277.5;0;;1;153707;m2;203133;0;
..\..\world\khazmodan\ironforge\passivedoodads\trees\wintertree03.obj;18015.52734375;665.7425537109375;22069.513671875;0;49.87945556640625;0;;1.2373046875;167874;m2;203287;0;
..\..\world\critter\birds\bird02.obj;17835.685546875;498.16693115234375;22126.42578125;0;298.30499267578125;0;;1;126091;m2;190720;0;
..\..\world\khazmodan\ironforge\passivedoodads\trees\wintertree03.obj;17621.3203125;566.7932739257812;21933.873046875;0;109.59197998046875;0;;1.23046875;347504;m2;203287;0;
..\..\world\khazmodan\ironforge\passivedoodads\trees\wintertree03.obj;17968.44921875;430.4801330566406;22305.38671875;0;315.2732849121094;0;;1.2255859375;101567;m2;203287;0;
..\..\world\critter\birds\bird02.obj;17871.015625;510.8493347167969;22115.259765625;0;0;0;;1;126086;m2;190720;0;
..\..\world\khazmodan\ironforge\passivedoodads\trees\wintertree03.obj;18016.4375;443.2615051269531;22273.349609375;0;263.51898193359375;0;;1.2216796875;106749;m2;203287;0;
..\..\world\khazmodan\ironforge\passivedoodads\trees\wintertree03.obj;18073.716796875;509.8199768066406;22219.037109375;0;232.2470703125;0;;1.212890625;598617;m2;203287;0;
..\..\world\khazmodan\ironforge\passivedoodads\trees\wintertree03.obj;18119.49609375;408.2860412597656;22353.296875;0;122.21600341796875;0;;1.20703125;101602;m2;203287;0;
..\..\world\khazmodan\ironforge\passivedoodads\trees\wintertree03.obj;17612.55078125;508.8038330078125;22101.125;0;40.09033203125;0;;1.2021484375;68039;m2;203287;0;
..\..\world\khazmodan\ironforge\passivedoodads\trees\wintertree03.obj;17840;399.0840148925781;22296.193359375;0;58.14141845703125;0;;1.1962890625;100892;m2;203287;0;
..\..\world\khazmodan\ironforge\passivedoodads\trees\wintertree03.obj;18130.3359375;394.7289123535156;22410;0;229.62100219726562;0;;1.1845703125;101601;m2;203287;0;
..\..\world\khazmodan\ironforge\passivedoodads\trees\wintertree03.obj;17633.634765625;387.8219909667969;22367.39453125;0;133.25701904296875;0;;1.1767578125;68155;m2;203287;0;
..\..\world\khazmodan\ironforge\passivedoodads\trees\wintertree03.obj;18015.71484375;734.5689697265625;22006.671875;0;275.5459899902344;0;;1.162109375;167883;m2;203287;0;
..\..\world\khazmodan\ironforge\passivedoodads\trees\wintertree03.obj;18096.876953125;833.6892700195312;21924.42578125;0;192.2449951171875;0;;1.162109375;167899;m2;203287;0;
..\..\world\kalimdor\winterspring\passivedoodads\winterspringfallentrees\winterspringfallentree01.obj;17836.63671875;386.94354248046875;22386.537109375;0;346.1104736328125;0;;1.12890625;101539;m2;202873;0;
..\..\world\khazmodan\ironforge\passivedoodads\trees\ironforgetree04.obj;18138.046875;490.1329650878906;22201.28125;0;75.8629150390625;0;;1.244140625;598618;m2;203262;0;
..\..\world\khazmodan\ironforge\passivedoodads\trees\wintertree03.obj;17741.228515625;414.197998046875;22244.63671875;0;198.67181396484375;0;;1.1484375;68134;m2;203287;0;
..\..\world\khazmodan\ironforge\passivedoodads\trees\wintertree03.obj;17594.482421875;389.9729919433594;22359.212890625;0;195.16708374023438;0;;1.1455078125;68153;m2;203287;0;
..\..\world\khazmodan\ironforge\passivedoodads\trees\wintertree02.obj;17638.994140625;569.2400512695312;21930.263671875;0;308.83514404296875;0;;1.1259765625;347502;m2;203286;0;
..\..\world\khazmodan\ironforge\passivedoodads\trees\wintertree03.obj;17913.994140625;784.7420043945312;21941.08984375;0;110.36105346679688;0;;1.130859375;167888;m2;203287;0;
..\..\world\khazmodan\ironforge\passivedoodads\trees\wintertree03.obj;18138.13671875;807.5020141601562;21915.21875;0;218.7440185546875;0;;1.1201171875;167901;m2;203287;0;
..\..\world\khazmodan\ironforge\passivedoodads\trees\wintertree03.obj;17593.451171875;419.2350158691406;22202.974609375;0;51.4395751953125;0;;1.1171875;99774;m2;203287;0;
..\..\world\khazmodan\ironforge\passivedoodads\trees\wintertree03.obj;18136.705078125;803.1452026367188;21927.302734375;0;285.89495849609375;0;;1.11328125;167902;m2;203287;0;
..\..\world\khazmodan\ironforge\passivedoodads\trees\wintertree03.obj;17751.849609375;418.8659973144531;22242.974609375;0;144.32098388671875;0;;1.1123046875;68136;m2;203287;0;
..\..\world\khazmodan\ironforge\passivedoodads\trees\wintertree03.obj;17696.162109375;401.8839416503906;22267.349609375;0;160.05401611328125;0;;1.111328125;68133;m2;203287;0;
..\..\world\kalimdor\winterspring\passivedoodads\winterspringfallentrees\winterspringfallentree01.obj;17786.294921875;462.23199462890625;22136.60546875;49.50000762939453;288.5019836425781;-6.499993801116943;;1.2109375;107348;m2;202873;0;
..\..\world\khazmodan\ironforge\passivedoodads\trees\wintertree03.obj;17714.357421875;386.35858154296875;22347.59375;0;347.9036865234375;0;;1.09765625;100905;m2;203287;0;
..\..\world\khazmodan\ironforge\passivedoodads\trees\wintertree03.obj;17920.32421875;415.5979919433594;22344.4453125;0;143.739013671875;0;;1.09765625;101558;m2;203287;0;
..\..\world\khazmodan\ironforge\passivedoodads\trees\wintertree03.obj;17965.478515625;636.0030517578125;22055.6796875;0;252.8910369873047;0;;1.0859375;167876;m2;203287;0;
..\..\world\khazmodan\ironforge\passivedoodads\trees\wintertree03.obj;17960.814453125;789.7589721679688;21961.810546875;0;120.64498901367188;0;;1.07421875;167886;m2;203287;0;
..\..\world\khazmodan\ironforge\passivedoodads\trees\wintertree03.obj;17967.498046875;720.9631958007812;22001.13671875;0;139.71697998046875;0;;1.068359375;167879;m2;203287;0;
..\..\world\khazmodan\ironforge\passivedoodads\trees\wintertree04.obj;18113.65625;404.364013671875;22351.2109375;0;7.943359375;0;;1.16015625;101603;m2;203288;0;
..\..\world\khazmodan\ironforge\passivedoodads\trees\wintertree03.obj;18055.033203125;490.9079895019531;22238.638671875;0;82.14727783203125;0;;1.060546875;598646;m2;203287;0;
..\..\world\khazmodan\ironforge\passivedoodads\trees\wintertree01.obj;18058.4453125;500.9219970703125;22219.228515625;0;292.739990234375;0;;0.8427734375;598615;m2;203285;0;
..\..\world\khazmodan\ironforge\passivedoodads\trees\wintertree03.obj;18016.056640625;388.60101318359375;22324.8984375;0;188.7288818359375;0;;1.0498046875;101568;m2;203287;0;
..\..\world\khazmodan\ironforge\passivedoodads\trees\wintertree03.obj;17975.927734375;727.52001953125;22007.162109375;0;258.04400634765625;0;;1.041015625;167882;m2;203287;0;
..\..\world\khazmodan\ironforge\passivedoodads\trees\wintertree04.obj;17664.97265625;558.6900024414062;22008.466796875;0;1.70294189453125;0;;1.1337890625;347711;m2;203288;0;
..\..\world\khazmodan\ironforge\passivedoodads\trees\wintertree03.obj;17972.376953125;646.2689819335938;22064.64453125;0;356.1217041015625;0;;1.037109375;167877;m2;203287;0;
..\..\world\khazmodan\ironforge\passivedoodads\trees\wintertree01.obj;17624.5625;392.8524475097656;22405.89453125;0;147.83700561523438;0;;0.826171875;67553;m2;203285;0;
..\..\world\khazmodan\ironforge\passivedoodads\trees\wintertree04.obj;17642.18359375;473.5309753417969;22084.4765625;5.000001430511475;118.260009765625;-4.000000953674316;;1.0830078125;107327;m2;203288;0;
..\..\world\khazmodan\ironforge\passivedoodads\trees\ironforgepine01.obj;18122.24609375;489.91400146484375;22199.171875;0;141.79388427734375;0;;1.0439453125;598587;m2;203255;0;
..\..\world\khazmodan\ironforge\passivedoodads\trees\ironforgetree04.obj;17704.654296875;625.7254028320312;21866.794921875;0;179.0826416015625;0;;1.095703125;347705;m2;203262;0;
..\..\world\khazmodan\ironforge\passivedoodads\trees\wintertree03.obj;17628.56640625;568.0830078125;21929.546875;0;167.00799560546875;0;;1.017578125;347503;m2;203287;0;
..\..\world\khazmodan\ironforge\passivedoodads\trees\wintertree02.obj;18054.861328125;673.345947265625;22111.3671875;0;0;0;;1;167896;m2;203286;0;
..\..\world\khazmodan\ironforge\passivedoodads\trees\wintertree03.obj;18029.41796875;791.1580200195312;21965.462890625;0;251.39682006835938;0;;1.015625;167892;m2;203287;0;
..\..\world\khazmodan\ironforge\passivedoodads\trees\wintertree03.obj;17950.533203125;508.29400634765625;22218.1171875;0;85.16961669921875;0;;1.0068359375;598608;m2;203287;0;
..\..\world\khazmodan\ironforge\passivedoodads\trees\wintertree03.obj;17790.228515625;660.8150634765625;21915.708984375;0;170.50201416015625;0;;1.00390625;347505;m2;203287;0;
..\..\world\kalimdor\winterspring\passivedoodads\winterspringfallentrees\winterspringfallentree01.obj;18122.005859375;405.5050048828125;22300.91015625;23.5000057220459;10.5;12.500001907348633;;1;100389;m2;202873;0;
..\..\world\khazmodan\ironforge\passivedoodads\trees\wintertree03.obj;18053.318359375;673.3789672851562;22102.134765625;0;0;0;;1;167897;m2;203287;0;
..\..\world\khazmodan\ironforge\passivedoodads\trees\wintertree03.obj;18043.0859375;675.1962280273438;22113.498046875;0;0;0;;1;167898;m2;203287;0;
..\..\world\khazmodan\ironforge\passivedoodads\trees\wintertree03.obj;17774.57421875;393.0802307128906;22387.935546875;0;0;0;;1;101521;m2;203287;0;
..\..\world\khazmodan\ironforge\passivedoodads\trees\wintertree03.obj;18004.720703125;800.8270263671875;21959.2734375;0;133.94900512695312;0;;0.9990234375;167893;m2;203287;0;
..\..\world\khazmodan\ironforge\passivedoodads\trees\wintertree03.obj;17833.0859375;394.0649719238281;22355.578125;0;2.76434326171875;0;;0.9951171875;101541;m2;203287;0;
..\..\world\khazmodan\ironforge\passivedoodads\trees\wintertree03.obj;17663.5;424.8659973144531;22113.169921875;0;345.003173828125;0;;0.9931640625;107332;m2;203287;0;
..\..\world\khazmodan\ironforge\passivedoodads\trees\wintertree02.obj;18081.767578125;716.7766723632812;22023.734375;0;48.708831787109375;0;;0.966796875;167895;m2;203286;0;
..\..\world\khazmodan\ironforge\passivedoodads\trees\wintertree04.obj;18069.8359375;512.6063842773438;22209.7890625;0;246.05703735351562;0;;1.0625;598616;m2;203288;0;
..\..\world\khazmodan\ironforge\passivedoodads\trees\wintertree03.obj;17937.0546875;394.7159729003906;22395.5234375;0;346.21173095703125;0;;0.96875;101555;m2;203287;0;
..\..\world\khazmodan\ironforge\passivedoodads\trees\wintertree03.obj;17647.6015625;413.0320129394531;22144.19140625;0;240.0260009765625;0;;0.962890625;68041;m2;203287;0;
..\..\world\critter\birds\bird02.obj;17887.916015625;520.9476928710938;22117.349609375;0;332.5;0;;0.779296875;126088;m2;190720;0;
..\..\world\khazmodan\ironforge\passivedoodads\trees\wintertree03.obj;17659.236328125;465.70599365234375;22082.037109375;0;115.11798095703125;0;;0.9609375;107324;m2;203287;0;
..\..\world\khazmodan\ironforge\passivedoodads\trees\wintertree03.obj;17908.576171875;781.78369140625;21936.802734375;0;302.6610107421875;0;;0.9609375;167887;m2;203287;0;
..\..\world\khazmodan\ironforge\passivedoodads\trees\wintertree03.obj;17978.095703125;647.9929809570312;22052.28125;0;134.28997802734375;0;;0.955078125;167878;m2;203287;0;
..\..\world\khazmodan\ironforge\passivedoodads\trees\ironforgetree02.obj;18042.8359375;390.04400634765625;22352.275390625;0;230.01699829101562;0;;1.248046875;101571;m2;203260;0;
..\..\world\khazmodan\ironforge\passivedoodads\trees\wintertree03.obj;17862.62890625;417.3719787597656;22273.576171875;0;333.48919677734375;0;;0.9365234375;100891;m2;203287;0;
..\..\world\khazmodan\ironforge\passivedoodads\trees\wintertree03.obj;18070.40625;416.5692443847656;22320.607421875;0;6.29534912109375;0;;0.93359375;100402;m2;203287;0;
..\..\world\kalimdor\winterspring\passivedoodads\winterspringfallentrees\winterspringfallentree01.obj;17765.421875;499.78961181640625;22094.85546875;47.000003814697266;302.5;-16.5000057220459;;1;107351;m2;202873;0;
..\..\world\khazmodan\ironforge\passivedoodads\trees\wintertree03.obj;18088.615234375;832.52197265625;21930.0625;0;347.43121337890625;0;;0.9248046875;167900;m2;203287;0;
..\..\world\khazmodan\ironforge\passivedoodads\trees\wintertree02.obj;17839.564453125;395.02032470703125;22307.28515625;6.000001907348633;48.83575439453125;3.0000011920928955;;0.841796875;100900;m2;203286;0;
..\..\world\khazmodan\ironforge\passivedoodads\trees\wintertree04.obj;17632.59765625;386.4612121582031;22355.97265625;0;313.31768798828125;0;;0.990234375;68156;m2;203288;0;
..\..\world\khazmodan\ironforge\passivedoodads\trees\wintertree03.obj;17963.748046875;397.2080078125;22385.72265625;0;320.9750061035156;0;;0.9033203125;101554;m2;203287;0;
..\..\world\khazmodan\ironforge\passivedoodads\trees\wintertree03.obj;17963.861328125;823.8118286132812;21912.009765625;0;325.7879943847656;0;;0.9033203125;167891;m2;203287;0;
..\..\world\khazmodan\ironforge\passivedoodads\trees\wintertree04.obj;17687.203125;401.97698974609375;22273.25;0;220.86488342285156;0;;0.9833984375;68137;m2;203288;0;
..\..\world\khazmodan\ironforge\passivedoodads\trees\wintertree03.obj;17757.2421875;422.76300048828125;22196.64453125;0;95.06759643554688;0;;0.8955078125;107312;m2;203287;0;
..\..\world\khazmodan\ironforge\passivedoodads\trees\wintertree03.obj;18143.775390625;425.25799560546875;22279.458984375;0;343.114013671875;0;;0.8955078125;100400;m2;203287;0;
..\..\world\khazmodan\ironforge\passivedoodads\trees\wintertree03.obj;18007.724609375;660.6240234375;22070.005859375;0;223.09518432617188;0;;0.89453125;167875;m2;203287;0;
..\..\world\khazmodan\ironforge\passivedoodads\trees\wintertree03.obj;17671.873046875;459.35595703125;22086.84375;0;330.9952087402344;0;;0.8857421875;107323;m2;203287;0;
..\..\world\khazmodan\ironforge\passivedoodads\trees\wintertree03.obj;17681.150390625;605.9021606445312;21886.234375;0;228.59898376464844;0;;0.884765625;347707;m2;203287;0;
..\..\world\khazmodan\ironforge\passivedoodads\trees\wintertree02.obj;18011.33984375;388.8087158203125;22332.1796875;0;285.2247619628906;0;;0.869140625;101569;m2;203286;0;
..\..\world\khazmodan\ironforge\passivedoodads\trees\ironforgetree02.obj;17826.244140625;395.44378662109375;22413.484375;0;281.1929931640625;0;;1.1650390625;101511;m2;203260;0;
..\..\world\khazmodan\ironforge\passivedoodads\trees\wintertree03.obj;18074.6953125;714.6124267578125;22031.515625;0;7.405029296875;0;;0.8779296875;167884;m2;203287;0;
..\..\world\khazmodan\ironforge\passivedoodads\trees\wintertree01.obj;17815.56640625;486.2307434082031;22106.708984375;0;135.740234375;0;;0.6962890625;107339;m2;203285;0;
..\..\world\khazmodan\ironforge\passivedoodads\trees\wintertree03.obj;17768.59375;391.80810546875;22324.015625;0;76.5330810546875;0;;0.87109375;100895;m2;203287;0;
..\..\world\khazmodan\ironforge\passivedoodads\trees\wintertree03.obj;17602.845703125;390.9552307128906;22290.03125;0;223.88597106933594;0;;0.87109375;68135;m2;203287;0;
..\..\world\khazmodan\ironforge\passivedoodads\trees\wintertree03.obj;18109.13671875;785.8174438476562;21963.921875;0;156.6920166015625;0;;0.8701171875;167904;m2;203287;0;
..\..\world\khazmodan\ironforge\passivedoodads\trees\wintertree03.obj;17662.951171875;546.0720825195312;22020.375;0;329.1820068359375;0;;0.869140625;347709;m2;203287;0;
..\..\world\khazmodan\ironforge\passivedoodads\trees\wintertree02.obj;17752.615234375;423.7965087890625;22143.427734375;0;11.4591064453125;0;;0.853515625;107316;m2;203286;0;
..\..\world\khazmodan\ironforge\passivedoodads\trees\wintertree03.obj;17780.853515625;514.5979614257812;22087.458984375;7.499999523162842;298.8079833984375;3.0000009536743164;;0.8173828125;107350;m2;203287;0;
..\..\world\khazmodan\ironforge\passivedoodads\trees\wintertree03.obj;17964.07421875;524.1350708007812;22205.228515625;0;284.93914794921875;0;;0.8603515625;107306;m2;203287;0;
..\..\world\khazmodan\ironforge\passivedoodads\trees\wintertree03.obj;17938.64453125;391.2234802246094;22401.47265625;0;203.6488037109375;0;;0.85546875;101556;m2;203287;0;
..\..\world\khazmodan\ironforge\passivedoodads\trees\wintertree03.obj;17982.4609375;738.3660278320312;21994.978515625;0;103.66998291015625;0;;0.8525390625;167881;m2;203287;0;
..\..\world\khazmodan\ironforge\passivedoodads\trees\wintertree03.obj;17862.70703125;421.8290100097656;22259.92578125;0;46.55047607421875;0;;0.8515625;100885;m2;203287;0;
..\..\world\khazmodan\ironforge\passivedoodads\trees\wintertree03.obj;17622.603515625;388.2799377441406;22363.853515625;0;158.406005859375;0;;0.8486328125;68154;m2;203287;0;
..\..\world\khazmodan\ironforge\passivedoodads\trees\ironforgetree02.obj;17952.0859375;436.1380920410156;22306.025390625;0;45.21014404296875;0;;1.1201171875;101565;m2;203260;0;
..\..\world\khazmodan\ironforge\passivedoodads\trees\wintertree03.obj;18029.517578125;448.0379943847656;22279.03125;0;23.643310546875;0;;0.8447265625;106750;m2;203287;0;
..\..\world\khazmodan\ironforge\passivedoodads\trees\wintertree03.obj;17846.75;494.5690002441406;22095.54296875;0;2.09844970703125;0;;0.841796875;107426;m2;203287;0;
..\..\world\khazmodan\ironforge\passivedoodads\trees\wintertree03.obj;17632.833984375;397.26300048828125;22275.421875;0;86.00360107421875;0;;0.83984375;68132;m2;203287;0;
..\..\world\khazmodan\ironforge\passivedoodads\trees\wintertree03.obj;17629.357421875;494.1410217285156;22068.40625;0;340.94915771484375;0;;0.83203125;107326;m2;203287;0;
..\..\world\khazmodan\ironforge\passivedoodads\trees\ironforgetree02.obj;17719.609375;389.2821350097656;22368.296875;0;83.4547119140625;0;;1.095703125;100914;m2;203260;0;
..\..\world\khazmodan\ironforge\passivedoodads\trees\wintertree03.obj;17704.240234375;387.9514465332031;22353.80078125;0;107.4605712890625;0;;0.8232421875;100904;m2;203287;0;
..\..\world\khazmodan\ironforge\passivedoodads\trees\wintertree03.obj;17973.033203125;825.4743041992188;21900.447265625;0;317.99798583984375;0;;0.822265625;167889;m2;203287;0;
..\..\world\khazmodan\ironforge\passivedoodads\trees\ironforgetree02.obj;17654.7109375;407.4836120605469;22291.669921875;0;5.141754150390625;0;;1.083984375;68144;m2;203260;0;
..\..\world\khazmodan\ironforge\passivedoodads\trees\wintertree03.obj;17882.47265625;495.89599609375;22085.935546875;0;80.587158203125;0;;0.8193359375;107435;m2;203287;0;
..\..\world\khazmodan\ironforge\passivedoodads\trees\wintertree03.obj;17776.884765625;392.7139892578125;22399.4375;0;305.5;0;;0.8193359375;101522;m2;203287;0;
..\..\world\khazmodan\ironforge\passivedoodads\trees\wintertree03.obj;17670.1171875;559.8211059570312;22016.65625;0;147.03500366210938;0;;0.8173828125;347710;m2;203287;0;
..\..\world\khazmodan\ironforge\passivedoodads\trees\wintertree03.obj;17764.470703125;432.5760803222656;22142.80859375;0;238.94894409179688;0;;0.8134765625;107315;m2;203287;0;
..\..\world\khazmodan\ironforge\passivedoodads\trees\wintertree03.obj;17998.1484375;794.0709838867188;21958.203125;0;238.4110107421875;0;;0.8115234375;167894;m2;203287;0;
..\..\world\khazmodan\ironforge\passivedoodads\trees\wintertree03.obj;17870.408203125;453.86474609375;22210.87890625;0;120.94122314453125;0;;0.8115234375;107290;m2;203287;0;
..\..\world\khazmodan\ironforge\passivedoodads\trees\wintermidtree02.obj;17641.982421875;385.7720031738281;22357.138671875;0;333.91766357421875;0;;1.2421875;68157;m2;203277;0;
..\..\world\khazmodan\ironforge\passivedoodads\trees\wintertree03.obj;17893;496.7816467285156;22168.05078125;0;174.22650146484375;0;;0.8056640625;598579;m2;203287;0;
..\..\world\khazmodan\ironforge\passivedoodads\trees\wintertree03.obj;17978.4296875;540.7369995117188;22185.41015625;0;286.1260070800781;0;;0.802734375;107307;m2;203287;0;
..\..\world\khazmodan\ironforge\passivedoodads\trees\wintermidtree02.obj;17694.666015625;408.010986328125;22276.919921875;0;42.00201416015625;0;;1.228515625;68143;m2;203277;0;
..\..\world\khazmodan\ironforge\passivedoodads\trees\wintertree03.obj;17746.65234375;483.8330078125;22101.33984375;0;141.156982421875;0;;0.798828125;107352;m2;203287;0;
..\..\world\khazmodan\ironforge\passivedoodads\trees\wintertree02.obj;17692.884765625;414.9079895019531;22149.3359375;0;178.2039794921875;0;;0.7822265625;99779;m2;203286;0;
..\..\world\khazmodan\ironforge\passivedoodads\trees\wintertree04.obj;17842.880859375;472.6796875;22192.287109375;0;164.3494873046875;-5.499998569488525;;0.8427734375;107295;m2;203288;0;
..\..\world\khazmodan\ironforge\passivedoodads\trees\wintertree03.obj;17797.22265625;480.5450439453125;22121.5390625;0;30.773681640625;0;;0.791015625;107346;m2;203287;0;
..\..\world\khazmodan\ironforge\passivedoodads\trees\wintertree03.obj;17786.890625;656.909423828125;21923.46875;0;214.96505737304688;0;;0.787109375;347506;m2;203287;0;
..\..\world\khazmodan\ironforge\passivedoodads\trees\wintertree03.obj;17658.103515625;451.666015625;22092.39453125;0;77.34609985351562;0;;0.763671875;107325;m2;203287;0;
..\..\world\khazmodan\ironforge\passivedoodads\trees\wintermidtree02.obj;18129.85546875;409.9440002441406;22284.521484375;0;327.5;0;;1.1689453125;100390;m2;203277;0;
..\..\world\khazmodan\ironforge\buildings\fortress01_09\fortress01_09.obj;17794.564453125;550.5419311523438;22063.947265625;0;336.5;0;;0.9892578125;153700;m2;203122;0;
..\..\world\khazmodan\ironforge\buildings\fortress01_09\fortress01_09.obj;17842.716796875;517.3181762695312;22085.71875;0;8.5;0;;0.9892578125;167692;m2;203122;0;
..\..\world\khazmodan\ironforge\passivedoodads\trees\wintertree03.obj;17788.265625;518.85302734375;22087.21484375;0;118.60101318359375;0;;0.7587890625;107349;m2;203287;0;
..\..\world\khazmodan\ironforge\passivedoodads\trees\wintertree03.obj;17702.849609375;624.9505615234375;21857.837890625;0;161.76763916015625;0;;0.7587890625;347706;m2;203287;0;
..\..\world\khazmodan\ironforge\passivedoodads\trees\wintertree03.obj;17914.3125;418.5518798828125;22340.041015625;0;55.988037109375;0;;0.7578125;101557;m2;203287;0;
..\..\world\khazmodan\ironforge\passivedoodads\trees\ironforgetree02.obj;17720.615234375;400.82275390625;22189.087890625;0;0;0;;1;99770;m2;203260;0;
..\..\world\khazmodan\ironforge\passivedoodads\trees\wintertree03.obj;18072.056640625;713.5120239257812;22049.291015625;0;250.10000610351562;0;;0.755859375;167885;m2;203287;0;
..\..\world\khazmodan\ironforge\passivedoodads\trees\wintertree03.obj;17953.544921875;439.8710021972656;22319.93359375;0;287.8290100097656;0;;0.75390625;101566;m2;203287;0;
..\..\world\khazmodan\ironforge\buildings\fortress03_05b\fortress03_05b.obj;17769.064453125;610.5237426757812;21998.78515625;0;276;0;;1;153705;m2;203130;0;
..\..\world\khazmodan\ironforge\passivedoodads\trees\wintertree03.obj;17975.455078125;731.1687622070312;21996.890625;0;200.88015747070312;0;;0.7509765625;167880;m2;203287;0;
..\..\world\khazmodan\ironforge\passivedoodads\trees\ironforgetree02.obj;17678.828125;386.4360656738281;22357.6484375;0;197.79698181152344;0;;0.9833984375;100902;m2;203260;0;
..\..\world\khazmodan\ironforge\passivedoodads\trees\wintermidtree02.obj;18080.666015625;407.5480041503906;22321.5859375;0;145.30999755859375;0;;1.1396484375;100401;m2;203277;0;
..\..\world\khazmodan\ironforge\passivedoodads\trees\wintertree04.obj;17708.29296875;389.1000061035156;22362.087890625;0;85.46524047851562;0;;0.8095703125;100903;m2;203288;0;
..\..\world\khazmodan\ironforge\passivedoodads\trees\wintertree03.obj;17909.892578125;471.8330078125;22236.025390625;0;329.31988525390625;0;;0.7412109375;107299;m2;203287;0;
..\..\world\khazmodan\ironforge\passivedoodads\trees\wintertree04.obj;17830.9921875;392.92205810546875;22361.076171875;7.500000476837158;271.6562194824219;-5.500001907348633;;0.759765625;101540;m2;203288;0;
..\..\world\khazmodan\ironforge\passivedoodads\trees\wintertree03.obj;17958.84375;823.2185668945312;21906.7265625;0;299.6722412109375;0;;0.732421875;167890;m2;203287;0;
..\..\world\khazmodan\ironforge\passivedoodads\trees\wintertree03.obj;17750.326171875;416.07598876953125;22200.64453125;0;66.06280517578125;0;;0.7314453125;107313;m2;203287;0;
..\..\world\khazmodan\ironforge\passivedoodads\trees\ironforgetree02.obj;17630.3125;397.3760681152344;22209.859375;0;320.8545227050781;0;;0.947265625;99775;m2;203260;0;
..\..\world\khazmodan\ironforge\passivedoodads\trees\ironforgetree02.obj;17693.76953125;618.9498291015625;21865.3125;0;68.2161865234375;0;;0.9375;347708;m2;203260;0;
..\..\world\khazmodan\ironforge\passivedoodads\trees\wintermidtree02.obj;17738.93359375;419.3509826660156;22150.21875;0;242.15701293945312;0;;1.0859375;107318;m2;203277;0;
..\..\world\khazmodan\ironforge\passivedoodads\trees\ironforgetree02.obj;17795.8515625;457.72509765625;22201.5390625;0;197.1229248046875;0;;0.9296875;107335;m2;203260;0;
..\..\world\khazmodan\ironforge\passivedoodads\trees\wintermidtree02.obj;17681.1171875;427.2389221191406;22112.6875;0;23.950927734375;0;;1.06640625;68042;m2;203277;0;
..\..\world\khazmodan\ironforge\passivedoodads\trees\ironforgetree02.obj;17802.900390625;396.2024230957031;22397.107421875;0;285.70819091796875;0;;0.9140625;101512;m2;203260;0;
..\..\world\khazmodan\ironforge\buildings\fortress02_07\fortress02_07.obj;17842.705078125;558.6130981445312;22070.27734375;0;10.5;0;;1;153699;m2;203125;0;
..\..\world\khazmodan\ironforge\passivedoodads\trees\ironforgetree02.obj;17700.068359375;416.510009765625;22157.671875;0;8.09716796875;0;;0.9091796875;99778;m2;203260;0;
..\..\world\khazmodan\ironforge\passivedoodads\trees\wintertree03.obj;17614.62890625;509.0691833496094;22108.4375;0;5.462158203125;0;;0.6728515625;68040;m2;203287;0;
..\..\world\khazmodan\ironforge\passivedoodads\trees\ironforgetree02.obj;17828.22265625;392.468994140625;22306.58203125;0;118.9420166015625;0;;0.8798828125;100899;m2;203260;0;
..\..\world\khazmodan\ironforge\buildings\fortress03_05\fortress03_05.obj;18012.388671875;617.843017578125;22140.029296875;0;0;0;;1.0380859375;153706;m2;203129;0;
..\..\world\khazmodan\ironforge\passivedoodads\trees\wintertree03.obj;18045.4140625;481.19000244140625;22249.060546875;0;310.39520263671875;0;;0.6552734375;106751;m2;203287;0;
..\..\world\khazmodan\ironforge\passivedoodads\trees\wintermidtree02.obj;17706.068359375;398.3292541503906;22190.916015625;0;0;0;;1;99769;m2;203277;0;
..\..\world\khazmodan\ironforge\passivedoodads\trees\wintermidtree02.obj;17702.798828125;423.4139709472656;22140.26953125;0;6.571014404296875;0;;0.9990234375;99777;m2;203277;0;
..\..\world\khazmodan\ironforge\passivedoodads\trees\wintertree02.obj;17683.5078125;569.9898681640625;22021.62890625;0;301.2432861328125;0;;0.6376953125;347712;m2;203286;0;
..\..\world\khazmodan\ironforge\passivedoodads\trees\wintertree04.obj;17891.8046875;496.75;22124.294921875;0;80.91677856445312;0;;0.705078125;107432;m2;203288;0;
..\..\world\khazmodan\ironforge\passivedoodads\trees\wintertree04.obj;17654.185546875;410.0639953613281;22141.373046875;-1.5000001192092896;348.75;0.5;;0.6845703125;68048;m2;203288;0;
..\..\world\khazmodan\ironforge\passivedoodads\trees\wintertree03.obj;17928.203125;509.1365661621094;22209.6953125;0;92.0792236328125;0;;0.6337890625;598594;m2;203287;0;
..\..\world\khazmodan\ironforge\passivedoodads\trees\ironforgetree02.obj;17774.919921875;391.0082702636719;22331.5625;0;218.4368133544922;0;;0.8369140625;100898;m2;203260;0;
..\..\world\khazmodan\ironforge\passivedoodads\trees\wintermidtree02.obj;17782.005859375;394.989501953125;22384.935546875;0;240.0260009765625;0;;0.962890625;101518;m2;203277;0;
..\..\world\khazmodan\ironforge\passivedoodads\trees\wintermidtree02.obj;17833.595703125;482.4090270996094;22137.603515625;0;185.04800415039062;0;;0.9619140625;107342;m2;203277;0;
..\..\world\khazmodan\ironforge\passivedoodads\trees\wintermidtree02.obj;17698.09765625;393.6856384277344;22406.724609375;0;114.19500732421875;0;;0.9599609375;100916;m2;203277;0;
..\..\world\khazmodan\ironforge\passivedoodads\trees\wintermidtree02.obj;17888.369140625;495.57867431640625;22163.16796875;0;339.8834228515625;0;;0.9560546875;598541;m2;203277;0;
..\..\world\khazmodan\ironforge\passivedoodads\trees\wintermidtree02.obj;17899.322265625;497.1200256347656;22114.888671875;0;348.14501953125;0;;0.9521484375;107430;m2;203277;0;
..\..\world\khazmodan\ironforge\passivedoodads\trees\ironforgetree02.obj;17941.927734375;434.2345886230469;22314.328125;0;8.49267578125;0;;0.8212890625;101564;m2;203260;0;
..\..\world\khazmodan\ironforge\passivedoodads\trees\wintertree03.obj;17862.6171875;451.7179870605469;22219.515625;0;163.58001708984375;0;;0.6171875;107291;m2;203287;0;
..\..\world\khazmodan\ironforge\passivedoodads\trees\wintermidtree02.obj;17946.21875;391.5960998535156;22400.65625;0;292.0799865722656;0;;0.939453125;101545;m2;203277;0;
..\..\world\khazmodan\ironforge\passivedoodads\trees\wintertree01.obj;17671.546875;403.5929260253906;22152.373046875;0;299.3340148925781;0;;0.486328125;68046;m2;203285;0;
..\..\world\khazmodan\ironforge\passivedoodads\trees\ironforgetree02.obj;17662.818359375;397.40020751953125;22183.78515625;0;242.6510009765625;0;;0.7978515625;68045;m2;203260;0;
..\..\world\khazmodan\ironforge\passivedoodads\trees\wintermidtree02.obj;17833.095703125;463.4615478515625;22213.634765625;0;286.86175537109375;0;;0.904296875;107286;m2;203277;0;
..\..\world\khazmodan\ironforge\passivedoodads\trees\ironforgetree02.obj;17973.15625;394.467529296875;22387.359375;0;171.885986328125;0;;0.779296875;101549;m2;203260;0;
..\..\world\khazmodan\ironforge\passivedoodads\trees\wintertree04.obj;18025.875;455.125;22269.568359375;14.500001907348633;274.5570068359375;-15.000005722045898;;0.5888671875;106752;m2;203288;0;
..\..\world\khazmodan\ironforge\passivedoodads\trees\ironforgetree02.obj;18059.55078125;424.2350158691406;22311.021484375;0;359.7960205078125;0;;0.7734375;101570;m2;203260;0;
..\..\world\khazmodan\ironforge\passivedoodads\trees\ironforgetree02.obj;17905.609375;463.60693359375;22245.33984375;0;270.06317138671875;0;;0.759765625;107296;m2;203260;0;
..\..\world\khazmodan\ironforge\passivedoodads\trees\wintermidtree02.obj;18047.53125;390.0753479003906;22366.98828125;0;304.533935546875;0;;0.876953125;101572;m2;203277;0;
..\..\world\khazmodan\ironforge\passivedoodads\trees\wintertree02.obj;17974.37109375;537.1610107421875;22203.630859375;0;61.50341796875;0;;0.5517578125;107308;m2;203286;0;
..\..\world\khazmodan\ironforge\passivedoodads\trees\wintermidtree02.obj;17665.14453125;412.80560302734375;22317.919921875;0;184.24600219726562;0;;0.8515625;100893;m2;203277;0;
..\..\world\khazmodan\ironforge\passivedoodads\trees\wintertree04.obj;17737.8671875;390.7720031738281;22395.193359375;0;0;0;;0.599609375;101546;m2;203288;0;
..\..\world\khazmodan\ironforge\passivedoodads\trees\wintermidtree02.obj;17656.97265625;421.8160095214844;22117.12890625;0;39.683837890625;0;;0.8046875;107331;m2;203277;0;
..\..\world\khazmodan\ironforge\passivedoodads\trees\wintermidtree02.obj;18116.505859375;410.2340393066406;22393.17578125;0;158.02099609375;0;;0.791015625;101595;m2;203277;0;
..\..\world\khazmodan\ironforge\passivedoodads\trees\wintermidtree02.obj;17708.70703125;419.8030090332031;22153.22265625;0;307;0;;0.7783203125;99776;m2;203277;0;
..\..\world\khazmodan\ironforge\passivedoodads\trees\wintermidtree02.obj;17828.275390625;477.3184814453125;22145.51953125;0;8.6904296875;0;;0.7548828125;107341;m2;203277;0;
..\..\world\khazmodan\ironforge\passivedoodads\trees\ironforgetree02.obj;17684.99609375;423.1426696777344;22120.73828125;0;256.4590148925781;0;;0.6513671875;68044;m2;203260;0;
..\..\world\kalimdor\winterspring\passivedoodads\winterspringfallentrees\winterspringfallentree02.obj;18121.63671875;399.572998046875;22308.64453125;0;340;0;;1.9892578125;100388;m2;202874;0;
..\..\world\khazmodan\ironforge\passivedoodads\trees\wintertree03.obj;17652.39453125;408.7090148925781;22146.060546875;0;176.14898681640625;0;;0.48046875;68047;m2;203287;0;
..\..\world\khazmodan\ironforge\passivedoodads\trees\ironforgetree02.obj;17806.375;479.7380065917969;22118.56640625;0;200.77398681640625;0;;0.626953125;107340;m2;203260;0;
..\..\world\khazmodan\ironforge\passivedoodads\trees\wintermidtree02.obj;17840.259765625;494.37310791015625;22097.5;0;27.6314697265625;0;;0.7041015625;107427;m2;203277;0;
..\..\world\khazmodan\ironforge\passivedoodads\trees\ironforgetree02.obj;17875.947265625;496.166015625;22089.05078125;0;210.02398681640625;0;;0.56640625;107436;m2;203260;0;
..\..\world\khazmodan\ironforge\passivedoodads\trees\wintertree02.obj;17945.07421875;508.72698974609375;22218.49609375;0;341.69580078125;0;;0.419921875;598609;m2;203286;0;
..\..\world\khazmodan\ironforge\passivedoodads\trees\wintersmalltree01.obj;17747.611328125;624.37548828125;21942.2890625;0;8.44873046875;0;;1.880859375;347718;m2;203279;0;
..\..\world\khazmodan\ironforge\passivedoodads\trees\wintermidtree02.obj;17895.0078125;458.81298828125;22249.17578125;0;299.3426513671875;0;;0.6142578125;107300;m2;203277;0;
..\..\world\khazmodan\ironforge\passivedoodads\trees\wintersmalltree01.obj;17744.703125;479.3287353515625;22105.208984375;0;33.93780517578125;0;;1.8525390625;107354;m2;203279;0;
..\..\world\khazmodan\ironforge\passivedoodads\trees\ironforgesnowtree01.obj;17747.62890625;432.9148254394531;22287.14453125;0;14.810028076171875;0;;1.23046875;100886;m2;203257;0;
..\..\world\khazmodan\ironforge\passivedoodads\trees\ironforgesnowtree01.obj;17787.126953125;390.3658752441406;22333.77734375;0;173.91888427734375;0;;1.2275390625;100910;m2;203257;0;
..\..\world\khazmodan\ironforge\passivedoodads\trees\ironforgesnowtree01.obj;17849.111328125;492.9239807128906;22133.12890625;0;306.0010070800781;0;;1.2255859375;107439;m2;203257;0;
..\..\world\khazmodan\ironforge\passivedoodads\trees\ironforgesnowtree01.obj;17863.658203125;391.6002502441406;22405.97265625;0;243.9149169921875;0;;1.224609375;106748;m2;203257;0;
..\..\world\khazmodan\ironforge\passivedoodads\trees\ironforgesnowtree01.obj;17693.53125;415.2751770019531;22157.41015625;0;220.88682556152344;0;;1.22265625;99780;m2;203257;0;
..\..\world\khazmodan\ironforge\passivedoodads\trees\ironforgesnowtree01.obj;17692.669921875;391.5794982910156;22403.869140625;0;71.33639526367188;0;;1.2021484375;100917;m2;203257;0;
..\..\world\khazmodan\ironforge\passivedoodads\trees\ironforgesnowtree01.obj;18019.900390625;442.572998046875;22278.119140625;0;324.260009765625;0;;1.1943359375;106757;m2;203257;0;
..\..\world\khazmodan\ironforge\passivedoodads\trees\ironforgesnowtree01.obj;17765.41015625;389.10699462890625;22368.66015625;0;294.55419921875;0;;1.1767578125;101538;m2;203257;0;
..\..\world\khazmodan\ironforge\passivedoodads\trees\ironforgesnowtree01.obj;18087.517578125;402.6590881347656;22322.875;0;280.006103515625;0;;1.1435546875;100403;m2;203257;0;
..\..\world\khazmodan\ironforge\passivedoodads\trees\ironforgesnowtree01.obj;17946.09375;389.8722839355469;22405.31640625;0;277.58905029296875;0;;1.140625;101551;m2;203257;0;
..\..\world\khazmodan\ironforge\passivedoodads\trees\ironforgesnowtree01.obj;17846.224609375;495.1231689453125;22170.005859375;0;193.94757080078125;0;;1.138671875;107373;m2;203257;0;
..\..\world\khazmodan\ironforge\passivedoodads\trees\ironforgesnowtree01.obj;17638.16015625;480.4011535644531;22082.669921875;0;0.736083984375;0;;1.1318359375;107329;m2;203257;0;
..\..\world\khazmodan\ironforge\passivedoodads\trees\ironforgesnowtree01.obj;17946.095703125;508.3849792480469;22220.64453125;0;324.4471435546875;0;;1.12890625;598610;m2;203257;0;
..\..\world\khazmodan\ironforge\passivedoodads\trees\ironforgesnowtree01.obj;17803.2890625;395.6407165527344;22405.83984375;0;48.46221923828125;0;;1.123046875;101517;m2;203257;0;
..\..\world\khazmodan\ironforge\passivedoodads\trees\ironforgesnowtree01.obj;17889.958984375;496.2859191894531;22168.484375;0;252.6710205078125;0;;1.109375;598580;m2;203257;0;
..\..\world\khazmodan\ironforge\passivedoodads\trees\ironforgesnowtree01.obj;17751.609375;416.8203430175781;22194.107421875;0;215.2069854736328;0;;1.1064453125;107314;m2;203257;0;
..\..\world\khazmodan\ironforge\passivedoodads\trees\wintersmalltree01.obj;17827.076171875;473.9267578125;22188.654296875;0;111.01702880859375;0;;1.5517578125;107289;m2;203279;0;
..\..\world\khazmodan\ironforge\passivedoodads\trees\wintersmalltree01.obj;17777.494140625;429.6510009765625;22283.49609375;0;240.24501037597656;0;;1.5341796875;100889;m2;203279;0;
..\..\world\khazmodan\ironforge\passivedoodads\trees\ironforgesnowtree01.obj;17683.671875;418.9501037597656;22128.921875;0;96.056396484375;0;;1.0859375;68070;m2;203257;0;
..\..\world\khazmodan\ironforge\passivedoodads\steamtank\ironforgesteamtank.obj;17879.955078125;495.1271057128906;22139.912109375;0;230;0;;1;107410;m2;203226;0;
..\..\world\khazmodan\ironforge\passivedoodads\trees\ironstump05.obj;17748.548828125;620.9929809570312;21952.51171875;-14.500001907348633;206.20602416992188;-15.499999046325684;;1.0068359375;347715;m2;203270;0;
..\..\world\khazmodan\ironforge\passivedoodads\steamtank\ironforgesteamtank.obj;17894.7109375;495.2960205078125;22107.99609375;0;313.5;0;;1;107411;m2;203226;0;
..\..\world\khazmodan\ironforge\passivedoodads\trees\ironforgesnowtree01.obj;17670.751953125;402.0780334472656;22158.37109375;0;191.79400634765625;0;;1.0625;68063;m2;203257;0;
..\..\world\khazmodan\ironforge\passivedoodads\trees\ironforgesnowtree01.obj;17618.998046875;388.2390441894531;22361.66015625;0;143.321044921875;0;;1.0595703125;100901;m2;203257;0;
..\..\world\khazmodan\ironforge\passivedoodads\trees\wintersmalltree01.obj;17903.314453125;504.6414489746094;22200.208984375;0;167.535400390625;0;;1.4794921875;598596;m2;203279;0;
..\..\world\khazmodan\ironforge\passivedoodads\trees\ironforgesnowtree01.obj;17644.169921875;404.8998107910156;22293.45703125;0;49.85748291015625;0;;1.046875;68146;m2;203257;0;
..\..\world\khazmodan\ironforge\passivedoodads\trees\ironforgesnowtree01.obj;17615.724609375;508.86669921875;22103.296875;0;22.764404296875;0;;1.0439453125;68059;m2;203257;0;
..\..\world\khazmodan\ironforge\passivedoodads\trees\ironforgesnowtree01.obj;18121.486328125;409.29345703125;22395.95703125;0;275.47296142578125;0;;1.037109375;101596;m2;203257;0;
..\..\world\khazmodan\ironforge\passivedoodads\trees\ironforgesnowtree01.obj;17630.28125;388.5699157714844;22373.26953125;0;243.9918212890625;0;;1.0234375;100912;m2;203257;0;
..\..\world\khazmodan\ironforge\passivedoodads\trees\ironforgesnowtree01.obj;17659.337890625;409.4120178222656;22277.37890625;0;67.8865966796875;0;;1.017578125;68142;m2;203257;0;
..\..\world\khazmodan\ironforge\passivedoodads\trees\ironforgesnowtree01.obj;17676.8515625;426.2539978027344;22114.94140625;0;85.21255493164062;0;;1.0009765625;68061;m2;203257;0;
..\..\world\khazmodan\ironforge\passivedoodads\trees\ironforgesnowtree01.obj;17829.140625;391.1390686035156;22365.623046875;0;85.21255493164062;0;;1.0009765625;101543;m2;203257;0;
..\..\world\khazmodan\ironforge\passivedoodads\trees\ironforgesnowtree01.obj;17718.189453125;397.8429870605469;22196.67578125;0;0;0;;1;99771;m2;203257;0;
..\..\world\khazmodan\ironforge\passivedoodads\trees\ironforgesnowtree01.obj;17769.4609375;393.54034423828125;22389.59765625;0;0;0;;1;101523;m2;203257;0;
..\..\world\khazmodan\ironforge\passivedoodads\trees\ironforgesnowtree01.obj;17791.109375;456.14300537109375;22219.95703125;0;276.6441955566406;0;;0.9970703125;107338;m2;203257;0;
..\..\world\khazmodan\ironforge\passivedoodads\trees\ironforgesnowtree01.obj;17878.857421875;396.0450744628906;22337.23046875;0;105.802001953125;0;;0.9921875;101514;m2;203257;0;
..\..\world\khazmodan\ironforge\passivedoodads\trees\ironforgesnowtree01.obj;17660.96484375;412.20806884765625;22319.703125;0;289.61944580078125;0;;0.9814453125;100894;m2;203257;0;
..\..\world\khazmodan\ironforge\passivedoodads\trees\ironforgesnowtree01.obj;17884.384765625;405.975341796875;22313.654296875;0;69.19400024414062;0;;0.9814453125;107285;m2;203257;0;
..\..\world\khazmodan\ironforge\passivedoodads\trees\ironforgesnowtree01.obj;17893.23828125;495.5719909667969;22116.66796875;0;34.651947021484375;0;;0.98046875;107431;m2;203257;0;
..\..\world\khazmodan\ironforge\passivedoodads\trees\wintersmalltree01.obj;17632.44140625;399.7550354003906;22278.373046875;7;330.10528564453125;-3;;1.265625;68140;m2;203279;0;
..\..\world\khazmodan\ironforge\passivedoodads\trees\wintersmalltree01.obj;17796.693359375;456.0240478515625;22209.296875;0;186.44400024414062;0;;1.353515625;107337;m2;203279;0;
..\..\world\khazmodan\ironforge\passivedoodads\trees\ironforgesnowtree01.obj;18017.34375;388.1410217285156;22332.20703125;0;297.75;0;;0.95703125;101577;m2;203257;0;
..\..\world\khazmodan\ironforge\passivedoodads\trees\ironforgesnowtree01.obj;17780.59765625;390.364013671875;22336.83984375;0;175.00701904296875;0;;0.955078125;100909;m2;203257;0;
..\..\world\khazmodan\ironforge\passivedoodads\trees\ironforgesnowtree01.obj;17864.375;450.0859069824219;22225.146484375;0;35.08038330078125;0;;0.9443359375;107294;m2;203257;0;
..\..\world\khazmodan\ironforge\passivedoodads\trees\ironforgesnowtree01.obj;17743.88671875;414.9241027832031;22239.87890625;0;155.6041259765625;0;;0.927734375;68141;m2;203257;0;
..\..\world\khazmodan\ironforge\passivedoodads\trees\wintersmalltree01.obj;17666.4296875;397.3883361816406;22176.74609375;4.5;102.3079833984375;-7.500000476837158;;1.205078125;68068;m2;203279;0;
..\..\world\khazmodan\ironforge\passivedoodads\trees\ironforgesnowtree01.obj;17974.2421875;536.119384765625;22207.63671875;0;189.2449951171875;0;;0.919921875;107311;m2;203257;0;
..\..\world\khazmodan\ironforge\passivedoodads\trees\ironforgesnowtree01.obj;17833.58984375;394.9070129394531;22350.6015625;0;349.72698974609375;0;;0.9111328125;107284;m2;203257;0;
..\..\world\khazmodan\ironforge\passivedoodads\trees\wintersmalltree01.obj;17799.88671875;477.43603515625;22124.4375;0;131.093017578125;0;;1.2763671875;107345;m2;203279;0;
..\..\world\khazmodan\ironforge\passivedoodads\trees\ironforgesnowtree01.obj;17790.853515625;472.048828125;22146.541015625;0;114.23931884765625;0;;0.904296875;107347;m2;203257;0;
..\..\world\khazmodan\ironforge\passivedoodads\trees\ironforgesnowtree01.obj;17919.53515625;412.2799987792969;22351.859375;0;302.1000061035156;0;;0.8994140625;101562;m2;203257;0;
..\..\world\khazmodan\ironforge\passivedoodads\trees\ironforgesnowtree01.obj;17742.92578125;418.3689880371094;22153.50390625;0;330.22613525390625;0;;0.8828125;107321;m2;203257;0;
..\..\world\khazmodan\ironforge\passivedoodads\trees\wintersmalltree01.obj;17894.45703125;497.2160339355469;22171.48828125;0;131.34600830078125;0;;1.22265625;598581;m2;203279;0;
..\..\world\khazmodan\ironforge\passivedoodads\trees\wintersmalltree01.obj;17747.62890625;414.3170471191406;22198.966796875;0;343.41015625;0;;1.2158203125;107322;m2;203279;0;
..\..\world\khazmodan\ironforge\passivedoodads\trees\wintersmalltree01.obj;17882.740234375;395.1340026855469;22337.9375;0;319.0307312011719;0;;1.2158203125;101515;m2;203279;0;
..\..\world\khazmodan\ironforge\passivedoodads\trees\wintersmalltree01.obj;17998.6640625;396.9667053222656;22333.15234375;0;246.6510009765625;0;;1.2060546875;101579;m2;203279;0;
..\..\world\khazmodan\ironforge\passivedoodads\trees\wintersmalltree01.obj;17827.759765625;392.8761291503906;22358.353515625;0;158.97705078125;0;;1.205078125;101542;m2;203279;0;
..\..\world\khazmodan\ironforge\passivedoodads\trees\ironforgesnowtree01.obj;18049.80859375;390.02978515625;22369.947265625;0;316.4927978515625;0;;0.853515625;101573;m2;203257;0;
..\..\world\khazmodan\ironforge\passivedoodads\trees\wintersmalltree01.obj;17695.484375;391.4217834472656;22400.763671875;0;343.750732421875;0;;1.205078125;100918;m2;203279;0;
..\..\world\khazmodan\ironforge\passivedoodads\trees\ironforgesnowtree01.obj;17845.228515625;494.4298400878906;22100.84375;0;70.73214721679688;0;;0.8515625;107428;m2;203257;0;
..\..\world\khazmodan\ironforge\passivedoodads\trees\wintersmalltree01.obj;17807.240234375;397.064453125;22401.228515625;0;63.59033203125;0;;1.2021484375;101516;m2;203279;0;
..\..\world\khazmodan\ironforge\passivedoodads\trees\ironforgesnowtree01.obj;17949.283203125;390.6927795410156;22404.134765625;0;346.99176025390625;0;;0.8505859375;101550;m2;203257;0;
..\..\world\khazmodan\ironforge\passivedoodads\trees\wintersmalltree01.obj;18038.6171875;390.0260009765625;22361.74609375;0;337.31298828125;0;;1.19140625;101575;m2;203279;0;
..\..\world\khazmodan\ironforge\passivedoodads\trees\ironforgesnowtree01.obj;18113.244140625;410.8512268066406;22293.072265625;0;349.56268310546875;0;;0.83984375;100392;m2;203257;0;
..\..\world\khazmodan\ironforge\passivedoodads\trees\wintersmalltree01.obj;18111.14453125;413.9039611816406;22290.70703125;0;160.9990234375;0;;1.181640625;100393;m2;203279;0;
..\..\world\khazmodan\ironforge\passivedoodads\trees\wintersmalltree01.obj;17599.234375;389.4880065917969;22363.3515625;0;55.603515625;0;;1.177734375;68160;m2;203279;0;
..\..\world\khazmodan\ironforge\passivedoodads\trees\ironforgesnowtree01.obj;17668.40625;401.6820373535156;22157.33203125;0;286.97198486328125;0;;0.8349609375;68062;m2;203257;0;
..\..\world\khazmodan\ironforge\passivedoodads\trees\ironforgesnowtree01.obj;17897.86328125;463.7961120605469;22240.90625;0;349.99114990234375;0;;0.833984375;107297;m2;203257;0;
..\..\world\khazmodan\ironforge\passivedoodads\trees\wintersmalltree01.obj;17843.25;495.3059997558594;22168.25390625;0;230.6320037841797;0;;1.162109375;107375;m2;203279;0;
..\..\world\khazmodan\ironforge\passivedoodads\trees\wintersmalltree01.obj;18025.734375;448.22900390625;22277.47265625;0;47.90191650390625;0;;1.1572265625;106754;m2;203279;0;
..\..\world\khazmodan\ironforge\passivedoodads\trees\ironforgesnowtree01.obj;17704.93359375;389.0068054199219;22362.078125;0;33.190704345703125;0;;0.81640625;100906;m2;203257;0;
..\..\world\generic\human\passivedoodads\gypsywagons\stormwindgypsywagon01.obj;17808.8203125;447.4936218261719;22255.216796875;0;140;0;;1;7813;m2;198288;0;
..\..\world\khazmodan\ironforge\passivedoodads\trees\wintersmalltree01.obj;17634.896484375;399.95721435546875;22278.443359375;0;283.8290100097656;0;;1.140625;68139;m2;203279;0;
..\..\world\khazmodan\ironforge\passivedoodads\trees\wintersmalltree01.obj;17934.794921875;504.9217224121094;22237.712890625;0;120.4693603515625;0;;1.1376953125;598642;m2;203279;0;
..\..\world\khazmodan\ironforge\passivedoodads\steamtank\ironforgesteamtankruined01.obj;17798.1015625;473.3611755371094;22143.513671875;17.499998092651367;11;-1.5;;1;107414;m2;203230;0;
..\..\world\khazmodan\ironforge\passivedoodads\trees\wintersmalltree01.obj;17869.7734375;452.7005920410156;22215.9609375;0;256.05517578125;0;;1.1298828125;107293;m2;203279;0;
..\..\world\khazmodan\ironforge\passivedoodads\trees\ironforgesnowtree01.obj;18041.56640625;476.6669921875;22253.97265625;0;336.202880859375;0;;0.7978515625;106756;m2;203257;0;
..\..\world\kalimdor\winterspring\passivedoodads\winterspringfallentrees\winterspringfallentree02.obj;17773.078125;387.75946044921875;22363.59765625;0;20.5;0;;1;101535;m2;202874;0;
..\..\world\khazmodan\ironforge\passivedoodads\trees\ironforgesnowtree01.obj;17825.505859375;459.4058837890625;22217.287109375;0;215.756103515625;0;;0.7958984375;107287;m2;203257;0;
..\..\world\khazmodan\ironforge\passivedoodads\trees\wintersmalltree01.obj;17774.265625;428.6073303222656;22283.638671875;-3.499999761581421;130.04498291015625;-6;;1.048828125;100890;m2;203279;0;
..\..\world\khazmodan\ironforge\passivedoodads\trees\ironforgesnowtree01.obj;18128.1953125;409.3739929199219;22291.73828125;0;297.80499267578125;0;;0.7939453125;100391;m2;203257;0;
..\..\world\kalimdor\winterspring\passivedoodads\winterspringfallentrees\winterspringfallentree02.obj;18084.595703125;387.5060119628906;22354.763671875;0;247.5;0;;1;312263;m2;202874;0;
..\..\world\khazmodan\ironforge\passivedoodads\trees\ironforgesnowtree01.obj;17870.150390625;497.20599365234375;22093.734375;0;65.77716064453125;0;;0.78515625;107438;m2;203257;0;
..\..\world\khazmodan\ironforge\passivedoodads\trees\ironforgesnowtree01.obj;17613.998046875;510.7210388183594;22094.79296875;0;194.97702026367188;0;;0.78515625;68060;m2;203257;0;
..\..\world\khazmodan\ironforge\passivedoodads\trees\ironforgesnowtree01.obj;17823.654296875;476.7165222167969;22143.21875;0;154.54937744140625;0;;0.779296875;107343;m2;203257;0;
..\..\world\khazmodan\ironforge\passivedoodads\trees\wintersmalltree01.obj;18126.4375;407.02801513671875;22398.01953125;0;322.7222595214844;0;;1.09375;101597;m2;203279;0;
..\..\world\khazmodan\ironforge\passivedoodads\trees\wintersmalltree01.obj;17635.150390625;388.5059814453125;22371.857421875;0;228.86318969726562;0;;1.091796875;100913;m2;203279;0;
..\..\world\khazmodan\ironforge\passivedoodads\trees\ironforgesnowtree01.obj;17929.216796875;509.2359924316406;22211.544921875;0;304.06689453125;0;;0.7734375;598595;m2;203257;0;
..\..\world\khazmodan\ironforge\passivedoodads\trees\wintersmalltree01.obj;17977.87890625;394.3277282714844;22393.447265625;0;96.056396484375;0;;1.0859375;101552;m2;203279;0;
..\..\world\khazmodan\ironforge\passivedoodads\trees\wintersmalltree01.obj;18001.61328125;394.9549865722656;22333.646484375;0;256.9670715332031;0;;1.083984375;101578;m2;203279;0;
..\..\world\khazmodan\ironforge\passivedoodads\trees\ironforgesnowtree01.obj;17876.669921875;494.59222412109375;22174.33203125;0;173.68798828125;0;;0.7666015625;598583;m2;203257;0;
..\..\world\khazmodan\ironforge\passivedoodads\trees\ironforgesnowtree01.obj;17660.75;450.7840881347656;22094.94921875;0;111.28394317626953;0;;0.765625;107330;m2;203257;0;
..\..\world\khazmodan\ironforge\passivedoodads\trees\wintersmalltree01.obj;17647.09375;405.407958984375;22295.40625;0;39.47509765625;0;;1.080078125;68145;m2;203279;0;
..\..\world\khazmodan\ironforge\passivedoodads\trees\wintersmalltree01.obj;17607.634765625;392.6059875488281;22291.046875;0;40.32098388671875;0;;1.072265625;68138;m2;203279;0;
..\..\world\khazmodan\ironforge\passivedoodads\trees\wintersmalltree01.obj;17840.875;391.4989929199219;22372.94140625;0;191.79400634765625;0;;1.0625;101544;m2;203279;0;
..\..\world\khazmodan\ironforge\passivedoodads\trees\wintersmalltree01.obj;17749.62890625;417.6719970703125;22160.041015625;0;148.84698486328125;0;;1.0576171875;107319;m2;203279;0;
..\..\world\khazmodan\ironforge\passivedoodads\trees\wintersmalltree01.obj;17666.93359375;424.6669006347656;22114.55078125;0;14.70013427734375;0;;1.05078125;107333;m2;203279;0;
..\..\world\khazmodan\ironforge\passivedoodads\trees\wintersmalltree01.obj;17778.701171875;442.2079162597656;22225.94140625;0;325.1612854003906;0;;1.0380859375;107355;m2;203279;0;
..\..\world\khazmodan\ironforge\passivedoodads\trees\wintersmalltree01.obj;17748.89453125;481.8479919433594;22104.78515625;0;334.927978515625;0;;1.03515625;107353;m2;203279;0;
..\..\world\khazmodan\ironforge\passivedoodads\trees\ironforgesnowtree01.obj;17723.046875;400.0270080566406;22197.6953125;0;324.5;0;;0.7294921875;99772;m2;203257;0;
..\..\world\khazmodan\ironforge\passivedoodads\trees\wintersmalltree01.obj;17598.71875;417.6959533691406;22204.19140625;0;301.4081115722656;0;;1.01171875;68077;m2;203279;0;
..\..\world\khazmodan\ironforge\passivedoodads\trees\wintersmalltree01.obj;17922.392578125;415.9138488769531;22348.52734375;0;301.4081115722656;0;;1.01171875;101561;m2;203279;0;
..\..\world\khazmodan\ironforge\passivedoodads\trees\wintersmalltree01.obj;17795.052734375;456.29736328125;22208.951171875;0;300.6830139160156;0;;1.005859375;107336;m2;203279;0;
..\..\world\khazmodan\ironforge\passivedoodads\trees\wintersmalltree01.obj;17784.1796875;389.6422424316406;22338.544921875;0;304.33099365234375;0;;1.00390625;100911;m2;203279;0;
..\..\world\khazmodan\ironforge\passivedoodads\trees\wintersmalltree01.obj;17848.890625;492.90289306640625;22129.0859375;0;36.5306396484375;0;;1.0009765625;107440;m2;203279;0;
..\..\world\khazmodan\ironforge\passivedoodads\trees\wintersmalltree01.obj;17770.72265625;393.2099914550781;22386.2421875;0;0;0;;1;101524;m2;203279;0;
..\..\world\khazmodan\ironforge\passivedoodads\trees\wintersmalltree01.obj;17777.50390625;392.5390930175781;22402.4375;0;97;0;;1;101525;m2;203279;0;
..\..\world\khazmodan\ironforge\passivedoodads\trees\ironforgesnowtree01.obj;17894.423828125;461.6510009765625;22242.6640625;0;129.12600708007812;0;;0.7080078125;107298;m2;203257;0;
..\..\world\khazmodan\ironforge\passivedoodads\trees\wintersmalltree01.obj;17672.9765625;412.1319274902344;22133.505859375;-0.500000536441803;292.0799560546875;-8.5;;0.939453125;68065;m2;203279;0;
..\..\world\khazmodan\ironforge\passivedoodads\trees\wintersmalltree01.obj;17736.537109375;390.2149963378906;22393.615234375;0;154.34100341796875;0;;0.9951171875;101548;m2;203279;0;
..\..\world\kalimdor\winterspring\passivedoodads\winterspringfallentrees\winterspringfallentree02.obj;17750.71875;618.0411376953125;21968.94140625;7.000002384185791;264.1239929199219;-20.5000057220459;;0.8662109375;347714;m2;202874;0;
..\..\world\khazmodan\ironforge\passivedoodads\trees\ironforgesnowtree01.obj;17745.30078125;624.0145263671875;21944.998046875;0;69.58953857421875;0;;0.6982421875;347719;m2;203257;0;
..\..\world\khazmodan\ironforge\passivedoodads\trees\wintersmalltree01.obj;17816.73046875;483.73004150390625;22115.16015625;0;324.89801025390625;0;;0.9833984375;107344;m2;203279;0;
..\..\world\khazmodan\ironforge\passivedoodads\trees\wintersmalltree01.obj;17700.8125;387.7340393066406;22351.244140625;0;21.64373779296875;0;;0.9775390625;100907;m2;203279;0;
..\..\world\khazmodan\ironforge\passivedoodads\trees\wintersmalltree01.obj;18036.42578125;389.90301513671875;22361.23046875;0;324.1719970703125;0;;0.97265625;101574;m2;203279;0;
..\..\world\khazmodan\ironforge\passivedoodads\trees\wintersmalltree01.obj;17618.876953125;392.7285461425781;22401.51953125;0;275.4246520996094;0;;0.9619140625;99767;m2;203279;0;
..\..\world\khazmodan\ironforge\passivedoodads\trees\ironforgesnowtree01.obj;17669.896484375;398.0790100097656;22185.22265625;0;346.99176025390625;0;;0.6708984375;68069;m2;203257;0;
..\..\world\khazmodan\ironforge\passivedoodads\trees\wintersmalltree01.obj;18014.970703125;439.81304931640625;22277.416015625;0;77.99432373046875;0;;0.943359375;106755;m2;203279;0;
..\..\world\khazmodan\ironforge\passivedoodads\trees\wintersmalltree01.obj;17824.470703125;471.3349609375;22186.478515625;0;99.9017333984375;0;;0.93359375;107288;m2;203279;0;
..\..\world\khazmodan\ironforge\passivedoodads\trees\wintersmalltree01.obj;17964.611328125;524.625;22208.630859375;0;23.9619140625;0;;0.92578125;107309;m2;203279;0;
..\..\world\khazmodan\ironforge\passivedoodads\trees\wintersmalltree01.obj;17942.380859375;508.48199462890625;22218.65625;0;113.14102172851562;0;;0.9228515625;598611;m2;203279;0;
..\..\world\khazmodan\ironforge\passivedoodads\trees\wintersmalltree01.obj;17771.474609375;392.32000732421875;22326.974609375;0;3.120208740234375;0;;0.9111328125;100896;m2;203279;0;
..\..\world\khazmodan\ironforge\passivedoodads\trees\wintersmalltree01.obj;17691.388671875;414.1659240722656;22158.89453125;0;98.5943603515625;0;;0.9091796875;99781;m2;203279;0;
..\..\world\khazmodan\ironforge\passivedoodads\trees\wintersmalltree01.obj;17802.60546875;445.55859375;22264.63671875;0;252.95693969726562;0;;0.9072265625;100884;m2;203279;0;
..\..\world\khazmodan\ironforge\passivedoodads\trees\wintersmalltree01.obj;17842.1015625;495.1217346191406;22165.66015625;0;16.007568359375;0;;0.8984375;107374;m2;203279;0;
..\..\world\generic\dwarf\passivedoodads\excavationtents\excavationtent01.obj;17724.2734375;625.2139892578125;21925.087890625;4.001319885253906;41.5;-5.830049991607666;;1;347721;m2;197388;0;
..\..\world\khazmodan\ironforge\passivedoodads\trees\wintersmalltree01.obj;17890.126953125;497.1990051269531;22126.8046875;0;88.442626953125;0;;0.8623046875;107433;m2;203279;0;
..\..\world\khazmodan\ironforge\passivedoodads\trees\wintersmalltree01.obj;17979.5390625;394.197998046875;22392.58203125;4.999997615814209;18.98321533203125;-5.499999523162842;;0.794921875;101553;m2;203279;0;
..\..\world\khazmodan\ironforge\passivedoodads\trees\wintersmalltree01.obj;17615.701171875;507.9859924316406;22097.63671875;0;203.6489715576172;0;;0.85546875;68073;m2;203279;0;
..\..\world\khazmodan\ironforge\passivedoodads\trees\wintersmalltree01.obj;18113.38671875;405.4720764160156;22355.8203125;0;245.85997009277344;0;;0.8486328125;101604;m2;203279;0;
..\..\world\kalimdor\winterspring\passivedoodads\winterspringfallentrees\winterspringfallentree02.obj;17931.3671875;486.29296875;22252.716796875;6.000000476837158;287.720947265625;-11.5;;0.7314453125;598633;m2;202874;0;
..\..\world\khazmodan\ironforge\passivedoodads\trees\wintersmalltree01.obj;17800.51171875;445.4150085449219;22265.515625;0;100.03399658203125;0;;0.8466796875;100883;m2;203279;0;
..\..\world\khazmodan\ironforge\passivedoodads\trees\wintersmalltree01.obj;17934.8671875;390.6949157714844;22402.537109375;0;347.6070556640625;0;;0.8466796875;101559;m2;203279;0;
..\..\world\generic\dwarf\passivedoodads\excavationtentpavillion\excavationtentpavillion.obj;17880.404296875;495.2247314453125;22157.103515625;0;352;0;;1;107358;m2;197383;0;
..\..\world\khazmodan\ironforge\passivedoodads\trees\wintersmalltree01.obj;17735.5;390.3793029785156;22394.427734375;0;77.22528076171875;0;;0.8359375;101547;m2;203279;0;
..\..\world\khazmodan\ironforge\passivedoodads\trees\wintersmalltree01.obj;17708.19140625;397.56585693359375;22194.81640625;0;275.17193603515625;0;;0.8349609375;99782;m2;203279;0;
..\..\world\khazmodan\ironforge\passivedoodads\trees\wintersmalltree01.obj;17702.525390625;387.3701171875;22349.556640625;0;170.61187744140625;0;;0.82421875;100908;m2;203279;0;
..\..\world\khazmodan\ironforge\passivedoodads\trees\wintersmalltree01.obj;17650.96484375;414.4491271972656;22137.650390625;0;8.49267578125;0;;0.8212890625;68080;m2;203279;0;
..\..\world\khazmodan\ironforge\passivedoodads\trees\wintersmalltree01.obj;17669.609375;457.9830322265625;22089.306640625;0;284.7190246582031;0;;0.8134765625;107328;m2;203279;0;
..\..\world\khazmodan\ironforge\passivedoodads\trees\wintersmalltree01.obj;18062.755859375;423.3210144042969;22319.33984375;0;352.989990234375;0;;0.8095703125;101576;m2;203279;0;
..\..\world\khazmodan\ironforge\passivedoodads\trees\wintersmalltree01.obj;18071.767578125;416.3639221191406;22324.203125;0;240.89395141601562;0;;0.80859375;100405;m2;203279;0;
..\..\world\khazmodan\ironforge\passivedoodads\trees\wintersmalltree01.obj;17961.486328125;397.1883239746094;22387.97265625;0;10.73388671875;0;;0.8037109375;101560;m2;203279;0;
..\..\world\khazmodan\ironforge\passivedoodads\trees\wintersmalltree01.obj;17721.73046875;398.1833190917969;22200.47265625;0;304.6492004394531;0;;0.798828125;99773;m2;203279;0;
..\..\world\khazmodan\ironforge\passivedoodads\trees\wintersmalltree01.obj;18026.849609375;446.7699890136719;22280.33984375;0;42.815032958984375;0;;0.7978515625;106753;m2;203279;0;
..\..\world\khazmodan\ironforge\passivedoodads\trees\wintersmalltree01.obj;17961.70703125;522.5919799804688;22207.62890625;0;100.83599853515625;0;;0.7890625;107310;m2;203279;0;
..\..\world\khazmodan\ironforge\passivedoodads\trees\wintersmalltree01.obj;17673.126953125;412.8719787597656;22131.728515625;0;300.7709045410156;0;;0.787109375;68064;m2;203279;0;
..\..\world\khazmodan\ironforge\passivedoodads\trees\wintersmalltree01.obj;17872.1015625;453.9032287597656;22215.68359375;0;126.93991088867188;0;;0.78515625;107292;m2;203279;0;
..\..\world\khazmodan\ironforge\passivedoodads\trees\wintersmalltree01.obj;17860.111328125;497.5250244140625;22094.103515625;0;180.114990234375;0;;0.783203125;107429;m2;203279;0;
..\..\world\khazmodan\ironforge\passivedoodads\trees\wintersmalltree01.obj;18083.484375;404.38165283203125;22327.34375;0;217.6018524169922;0;;0.7724609375;100404;m2;203279;0;
..\..\world\azeroth\burningsteppes\passivedoodads\bonfire\orcbonfire.obj;17732.02734375;624.4229736328125;21930.90625;0;3;0;;1;347720;m2;189118;0;
..\..\world\khazmodan\ironforge\passivedoodads\trees\wintersmalltree01.obj;17902.484375;503.8752746582031;22198.875;0;290.97076416015625;0;;0.767578125;598586;m2;203279;0;
..\..\world\khazmodan\ironforge\passivedoodads\trees\wintersmalltree01.obj;17873.767578125;494.6300048828125;22173.615234375;0;251.9131622314453;0;;0.7607421875;598582;m2;203279;0;
..\..\world\khazmodan\ironforge\passivedoodads\trees\wintersmalltree01.obj;17935.7265625;505.42242431640625;22236.646484375;0;272.392333984375;0;;0.7568359375;598641;m2;203279;0;
..\..\world\khazmodan\ironforge\passivedoodads\trees\wintersmalltree01.obj;17667.673828125;397.8338928222656;22178.416015625;0;154.34100341796875;0;;0.7548828125;68067;m2;203279;0;
..\..\world\khazmodan\ironforge\passivedoodads\trees\wintersmalltree01.obj;17884.712890625;495.3685607910156;22087.3046875;0;110.09735107421875;0;;0.75390625;107437;m2;203279;0;
..\..\world\khazmodan\ironforge\passivedoodads\trees\wintersmalltree01.obj;17746.15625;416.7782287597656;22159.45703125;0;352.331298828125;0;;0.7294921875;107320;m2;203279;0;
..\..\world\khazmodan\ironforge\passivedoodads\trees\wintersmalltree01.obj;17665.267578125;422.0250549316406;22116.71484375;0;69.99603271484375;0;;0.724609375;107334;m2;203279;0;
..\..\world\khazmodan\ironforge\passivedoodads\bush\ironforgebush01.obj;18013.765625;386.9083557128906;22395.953125;6.999999523162842;63.261199951171875;38;;1.2236328125;106875;m2;203149;0;
..\..\world\kalimdor\winterspring\passivedoodads\winterspringfallentrees\winterspringfallenbranch01.obj;17751.16015625;430.8993835449219;22289.734375;0;209.6240234375;0;;0.9619140625;100887;m2;202872;0;
..\..\world\kalimdor\winterspring\passivedoodads\winterspringfallentrees\winterspringfallenbranch01.obj;17746.931640625;430.7149963378906;22291.140625;-15.000000953674316;190.98199462890625;28;;0.908203125;100888;m2;202872;0;
..\..\world\khazmodan\ironforge\passivedoodads\trees\ironstump04.obj;17744.287109375;625.0563354492188;21940.59765625;0;85.20913696289062;0;;0.6748046875;347713;m2;203269;0;
..\..\world\khazmodan\ironforge\passivedoodads\trees\wintersmalltree01.obj;17719.22265625;388.6326599121094;22374.140625;0;123.91900634765625;0;;0.6728515625;100915;m2;203279;0;
..\..\world\kalimdor\winterspring\passivedoodads\winterspringfallentrees\winterspringfallenbranch01.obj;17773.705078125;388.1102294921875;22360.21484375;0;0;0;;1;101536;m2;202872;0;
..\..\world\generic\dwarf\passivedoodads\lanterns\mininglamp02.obj;17877.96484375;495.93115234375;22155.412109375;0;35.736968994140625;0;;1;598552;m2;197437;0;
..\..\world\khazmodan\ironforge\passivedoodads\trees\ironstump05.obj;17930.169921875;491.4729919433594;22244.390625;-57;161.04400634765625;-3.4999988079071045;;0.41796875;598634;m2;203270;0;
..\..\world\khazmodan\ironforge\passivedoodads\trees\ironstump02.obj;17762.869140625;388.593994140625;22369.1796875;0;347;0;;0.44921875;101537;m2;203266;0;
..\..\world\generic\dwarf\passivedoodads\lanterns\mininglamp02.obj;17877.814453125;495.12750244140625;22147.23046875;0;271.7369689941406;0;;1;598570;m2;197437;0;
..\..\world\khazmodan\ironforge\passivedoodads\steamtank\ruinedsteamtankaxle01.obj;17847.44921875;495.04498291015625;22161.1796875;1;247.5;-2.500000476837158;;1;107408;m2;203232;0;
..\..\world\khazmodan\ironforge\passivedoodads\fences\dunmoroghstonefence01.obj;17854.736328125;496.0882873535156;22169.310546875;0;163.5;-9.499999046325684;;1;107369;m2;203158;0;
..\..\world\khazmodan\ironforge\passivedoodads\fences\dunmoroghstonefence01.obj;17941.517578125;507.2756652832031;22238.724609375;-0.5000000596046448;14;3.500000238418579;;1;598636;m2;203158;0;
..\..\world\khazmodan\ironforge\passivedoodads\fences\dunmoroghstonefence01.obj;17878.974609375;495.3019714355469;22173.681640625;0;165;-1.5;;1;107361;m2;203158;0;
..\..\world\khazmodan\ironforge\passivedoodads\fences\dunmoroghstonefence01.obj;17839.830078125;494.7795104980469;22155.125;-0.49999988079071045;74;1.5000001192092896;;1;598533;m2;203158;0;
..\..\world\khazmodan\ironforge\passivedoodads\fences\dunmoroghstonefence01.obj;17950.916015625;507.1575622558594;22232.96875;0;76;0;;1;598600;m2;203158;0;
..\..\world\khazmodan\ironforge\passivedoodads\steamtank\ruinedsteamtankaxle01.obj;17789.96875;471.9490051269531;22141.67578125;26.5;288;26.500003814697266;;1;107418;m2;203232;0;
..\..\world\khazmodan\ironforge\passivedoodads\fences\dunmoroghstonefence01.obj;17841.453125;495.01416015625;22149.599609375;-1.0000001192092896;65;-2.000000238418579;;1;598534;m2;203158;0;
..\..\world\khazmodan\ironforge\passivedoodads\fences\dunmoroghstonefence01.obj;17873.474609375;495.1271057128906;22172.162109375;0;156;0;;1;107362;m2;203158;0;
..\..\world\khazmodan\ironforge\passivedoodads\fences\dunmoroghstonefence01.obj;17883.8046875;495.6693420410156;22176.494140625;-0.9999998807907104;150.5;-3.999999523162842;;1;107360;m2;203158;0;
..\..\world\khazmodan\ironforge\passivedoodads\fences\dunmoroghstonefence01.obj;17849.302734375;495.1620178222656;22167.634765625;0;145;-1.5;;1;107370;m2;203158;0;
..\..\world\khazmodan\ironforge\passivedoodads\bush\ironforgebush01.obj;17841.537109375;495.2515869140625;22167.0859375;0;300.1007080078125;0;;1.0205078125;107376;m2;203149;0;
..\..\world\kalimdor\winterspring\passivedoodads\winterspringbushes\winterspringbush01.obj;18086.876953125;388.58099365234375;22352.599609375;0;47;0;;1.2392578125;312265;m2;202868;0;
..\..\world\khazmodan\ironforge\passivedoodads\bush\ironforgebush01.obj;17845.017578125;495.224609375;22168.572265625;0;349.99114990234375;0;;1.109375;107378;m2;203149;0;
..\..\world\kalimdor\winterspring\passivedoodads\winterspringbushes\winterspringbush01.obj;17885.736328125;496.154296875;22166.08984375;0;153.2529296875;0;;1.24609375;598542;m2;202868;0;
..\..\world\khazmodan\ironforge\passivedoodads\fences\dunmoroghstonefence01.obj;17946.81640625;507.5660400390625;22237.21875;-4;44;-3.999999523162842;;1;598637;m2;203158;0;
..\..\world\khazmodan\ironforge\passivedoodads\fences\dunmoroghstonefence01.obj;17844.607421875;495.0511779785156;22164.30078125;0;136;0;;1;107371;m2;203158;0;
..\..\world\kalimdor\winterspring\passivedoodads\winterspringbushes\winterspringbush01.obj;17933.650390625;505.0075378417969;22237.833984375;0;116.84317016601562;11;;1.125;598643;m2;202868;0;
..\..\world\khazmodan\ironforge\passivedoodads\steamtank\ruinedsteamtankwheel01.obj;17883.76953125;495.4429931640625;22129.546875;6;316;6;;1;107413;m2;203235;0;
..\..\world\khazmodan\ironforge\passivedoodads\trees\wintersmalltree01.obj;17889.48046875;496.8599853515625;22125;0;286.60400390625;0;;0.3994140625;107434;m2;203279;0;
..\..\world\kalimdor\winterspring\passivedoodads\winterspringbushes\winterspringbush01.obj;17943.001953125;508.8233642578125;22219.671875;0;291.5091552734375;0;;1.228515625;598614;m2;202868;0;
..\..\world\khazmodan\ironforge\passivedoodads\steamtank\ruinedsteamtankwheel01.obj;17794.826171875;473.3797302246094;22142.060546875;-24.5;353.5;-55.999996185302734;;1;107417;m2;203235;0;
..\..\world\khazmodan\ironforge\passivedoodads\trees\ironstump04.obj;17933.75;505.12890625;22235.755859375;0;93.73703002929688;0;;0.390625;598640;m2;203269;0;
..\..\world\kalimdor\winterspring\passivedoodads\winterspringbushes\winterspringbush01.obj;17932.474609375;506.7323303222656;22234.056640625;0;312.75732421875;0;;1.1044921875;598635;m2;202868;0;
..\..\world\generic\dwarf\passivedoodads\excavationbannerstands\excavationbannerstand02.obj;18067.4453125;893.679931640625;21867.857421875;0;357.5;0;;1;76660;m2;197334;0;
..\..\world\generic\dwarf\passivedoodads\excavationbannerstands\excavationbannerstand.obj;17883.421875;495.3983459472656;22151.45703125;0;246.3465576171875;0;;1;598545;m2;197332;0;
..\..\world\kalimdor\winterspring\passivedoodads\winterspringbushes\winterspringbush01.obj;17886.919921875;496.37115478515625;22167.12890625;0;129.80743408203125;0;;1.068359375;598584;m2;202868;0;
..\..\world\kalimdor\winterspring\passivedoodads\winterspringbushes\winterspringbush01.obj;17941.33203125;509.24658203125;22218.7734375;-7.500000476837158;163.5364990234375;-5.5;;1.1123046875;598613;m2;202868;0;
..\..\world\khazmodan\ironforge\passivedoodads\bush\ironforgebush01.obj;17799.041015625;471.6827697753906;22151.181640625;0;66.26055908203125;0;;0.8515625;107420;m2;203149;0;
..\..\world\khazmodan\ironforge\passivedoodads\steamtank\ruinedsteamtankgastank01.obj;17842.54296875;495.1502990722656;22163.607421875;11;295.5;-36.5;;1;107409;m2;203233;0;
..\..\world\kalimdor\winterspring\passivedoodads\winterspringbushes\winterspringbush01.obj;17741.939453125;624.2339477539062;21943.375;0;178.26959228515625;0;;1.3798828125;347717;m2;202868;0;
..\..\world\khazmodan\ironforge\passivedoodads\steamtank\ruinedsteamtankwheel01.obj;17800.888671875;473.4816589355469;22145.171875;-10;345.5;-69.5;;1;107415;m2;203235;0;
..\..\world\khazmodan\ironforge\passivedoodads\bush\ironforgebush01.obj;17850.02734375;495.1140441894531;22167.0234375;0;0;0;;0.919921875;107379;m2;203149;0;
..\..\world\kalimdor\winterspring\passivedoodads\winterspringbushes\winterspringbush01.obj;17742.3984375;624.0872192382812;21944.28125;0;170.1390380859375;0;;1.134765625;347716;m2;202868;0;
..\..\world\khazmodan\ironforge\passivedoodads\steamtank\ruinedsteamtankwheel01.obj;17882.67578125;495.3352966308594;22132.52734375;13.500000953674316;0;23.500003814697266;;1;107412;m2;203235;0;
..\..\world\kalimdor\winterspring\passivedoodads\winterspringbushes\winterspringbush01.obj;17891.986328125;499.6101379394531;22182.60546875;0;25.126495361328125;0;;0.96875;598585;m2;202868;0;
..\..\world\generic\dwarf\passivedoodads\bookshelves\bookshelfdwarvenaverage05.obj;17884.103515625;495.4850769042969;22155.9375;0;273.5039978027344;0;;1;598547;m2;197278;0;
..\..\world\kalimdor\winterspring\passivedoodads\winterspringbushes\winterspringbush01.obj;17951.01171875;507.2756652832031;22226.728515625;0;128.23504638671875;0;;0.8662109375;598612;m2;202868;0;
..\..\world\khazmodan\ironforge\passivedoodads\bush\ironforgebush01.obj;17841.908203125;495.62115478515625;22168.61328125;0;247.38528442382812;0;;0.7138671875;107377;m2;203149;0;
..\..\world\khazmodan\ironforge\passivedoodads\steamtank\ruinedsteamtankwheel01.obj;17794.6875;472.5069885253906;22146.640625;7;0;6.500000476837158;;1;107416;m2;203235;0;
..\..\world\generic\dwarf\passivedoodads\banners\ironforgebanner01.obj;17883.03125;497.6369934082031;22151.31640625;0;246.8287811279297;0;;0.939453125;598546;m2;197234;0;
..\..\world\kalimdor\winterspring\passivedoodads\winterspringbushes\winterspringbush01.obj;17936.75;506.3010559082031;22236.787109375;0;269.3050537109375;0;;1.1513671875;598645;m2;202868;0;
..\..\world\khazmodan\ironforge\passivedoodads\fences\dunmoroghstonefence02.obj;17917.45703125;508.9649963378906;22218.046875;-2.500000476837158;110.5;11.500000953674316;;1;598590;m2;203159;0;
..\..\world\generic\dwarf\passivedoodads\bookshelves\bookshelfdwarvenaverage02.obj;17882.859375;495.3050231933594;22153.58203125;0;326.1781005859375;0;;0.94921875;598548;m2;197276;0;
..\..\world\generic\passivedoodads\misc\wheelbarrow\caveminewheelbarrow01.obj;17945.419921875;507.34765625;22225.8125;4.000000476837158;333.5;0.9999998807907104;;1;598603;m2;199886;0;
..\..\world\khazmodan\ironforge\passivedoodads\fences\dunmoroghstonefence02.obj;17894.462890625;500.9029846191406;22184.818359375;0;326.5;16.5;;1;598577;m2;203159;0;
..\..\world\khazmodan\ironforge\passivedoodads\fences\dunmoroghstonefence02.obj;17898.0625;502.5995178222656;22189.28125;-0.9999998807907104;307;15.500000953674316;;1;598578;m2;203159;0;
..\..\world\generic\dwarf\passivedoodads\tables\dwarventablesmall.obj;17877.40234375;495.0729064941406;22156.5390625;0;177.73699951171875;0;;1;598563;m2;197576;0;
..\..\world\khazmodan\ironforge\passivedoodads\bush\ironforgebush01.obj;17801.0859375;472.1649475097656;22149.5625;0;127.8408203125;0;;0.587890625;107421;m2;203149;0;
..\..\world\kalimdor\winterspring\passivedoodads\winterspringbushes\winterspringbush01.obj;17904.5546875;506.82220458984375;22200.93359375;0;98.06695556640625;0;;0.931640625;598597;m2;202868;0;
..\..\world\khazmodan\ironforge\passivedoodads\fences\dunmoroghstonefence02.obj;17915.509765625;508.8210754394531;22215.435546875;-0.5000002384185791;318.5;5.000000476837158;;1;598591;m2;203159;0;
..\..\world\kalimdor\winterspring\passivedoodads\winterspringbushes\winterspringbush01.obj;18081.38671875;388.86199951171875;22359.025390625;0;0;0;;1;312266;m2;202868;0;
..\..\world\kalimdor\winterspring\passivedoodads\winterspringbushes\winterspringbush01.obj;17935.59375;506.2183837890625;22236.19140625;0;155.2969970703125;0;;0.76171875;598644;m2;202868;0;
..\..\world\generic\dwarf\passivedoodads\lampposts\anvilmarlamppost.obj;17895.37109375;501.10699462890625;22185.984375;0;39.5;0;;1;598574;m2;197409;0;
..\..\world\generic\dwarf\passivedoodads\lampposts\anvilmarlamppost.obj;17916.82421875;509.0411376953125;22216.45703125;0;309.5;0;;1;598589;m2;197409;0;
..\..\world\generic\dwarf\passivedoodads\lampposts\anvilmarlamppost.obj;17951.93359375;507.3475646972656;22225.5625;0;212.5;0;;1;598602;m2;197409;0;
..\..\world\generic\dwarf\passivedoodads\lampposts\anvilmarlamppost.obj;17939.90234375;506.9070739746094;22238.880859375;0;269.5;0;;1;598638;m2;197409;0;
..\..\world\azeroth\duskwood\passivedoodads\coffinlid\coffinlid.obj;17948.84765625;507.2019958496094;22234.380859375;22.500001907348633;246;12.000001907348633;;1;598639;m2;189416;0;
..\..\world\khazmodan\ironforge\passivedoodads\bush\ironforgebush01.obj;17851.21484375;495.2010192871094;22167.0078125;0;252.5;0;;0.599609375;107380;m2;203149;0;
..\..\world\azeroth\duskwood\passivedoodads\coffin\coffin.obj;17948.07421875;507.11029052734375;22229.650390625;0;356;0;;1;598606;m2;189415;0;
..\..\world\generic\passivedoodads\lights\generaltorch01.obj;17722.390625;625.6119995117188;21929.759765625;0;0;0;;1;347724;m2;199820;0;
..\..\world\kalimdor\winterspring\passivedoodads\winterspringbushes\winterspringbush01.obj;18087.6953125;388.3324279785156;22351.24609375;0;290.5;0;;0.75;312264;m2;202868;0;
..\..\world\generic\dwarf\passivedoodads\tavernstuff\alekegfoot.obj;17883.814453125;496.4696350097656;22159.61328125;0;58;0;;1;598543;m2;197601;0;
..\..\world\azeroth\duskwood\passivedoodads\coffin\coffin.obj;17949.3046875;506.998046875;22231.16796875;24.5;317.5;58.500003814697266;;1;598607;m2;189415;0;
..\..\world\generic\human\passivedoodads\cargoboxes\deadminecargoboxes.obj;17721.09765625;625.5850219726562;21928.306640625;0;0;0;;1;347722;m2;198085;0;
..\..\world\generic\dwarf\passivedoodads\chairs\dwarvenchair01.obj;17844.720703125;495.1271057128906;22147.748046875;0;135.5;0;;1;598539;m2;197300;0;
..\..\world\generic\dwarf\passivedoodads\chairs\dwarvenchair01.obj;17844.458984375;495.1271057128906;22152.677734375;0;216.5;0;;1;598538;m2;197300;0;
..\..\world\generic\dwarf\passivedoodads\chairs\dwarvenchair01.obj;17849.408203125;495.19482421875;22147.162109375;0;59;0;;1;598540;m2;197300;0;
..\..\world\generic\passivedoodads\barrel\brokenbarrel02.obj;17919.33203125;508.5300598144531;22219.70703125;-6.000000476837158;253.60592651367188;-6;;1.1767578125;598598;m2;199567;0;
..\..\world\khazmodan\ironforge\passivedoodads\steamtank\ruinedsteamtankgear01.obj;17797.8203125;472.1689453125;22150.09765625;42.499996185302734;0;13.999999046325684;;1;107419;m2;203234;0;
..\..\world\khazmodan\ironforge\passivedoodads\steamtank\ruinedsteamtankgear01.obj;17845.55859375;494.87896728515625;22162.669921875;2.000000238418579;0;-2.500000238418579;;1;107407;m2;203234;0;
..\..\world\generic\dwarf\passivedoodads\barrels\dwarvenbarrel01.obj;17882.537109375;495.7423095703125;22163.22265625;-86.99996948242188;0.832275390625;30.99996566772461;;1;598562;m2;197238;0;
..\..\world\azeroth\elwynn\passivedoodads\anvil\anvil.obj;17852.369140625;495.1849060058594;22162.31640625;0;257;0;;1.1484375;461086;m2;189642;0;
..\..\world\generic\dwarf\passivedoodads\gunracks\gunrack02c.obj;17884.025390625;495.62799072265625;22157.94921875;0;268.27899169921875;0;;1;598553;m2;197404;0;
..\..\world\azeroth\elwynn\passivedoodads\shovel\shovel.obj;18065.6484375;893.5730590820312;21868.068359375;-11;24.5;-0.5000002384185791;;1;167838;m2;189854;0;
..\..\world\generic\dwarf\passivedoodads\guns\rifledwarven.obj;17844.947265625;495.6271057128906;22151.64453125;-59;90;-67.99998474121094;;1;598537;m2;197406;0;
..\..\world\azeroth\elwynn\passivedoodads\shovel\shovel.obj;17806.03125;447.39544677734375;22259.40234375;20.5;78.43832397460938;0.500002384185791;;1;598624;m2;189854;0;
..\..\world\generic\human\passivedoodads\crates\replacecrate03.obj;17721.2890625;625.2869873046875;21930.544921875;11.500001907348633;178;-52.000003814697266;;1.009765625;347725;m2;198167;0;
..\..\world\generic\dwarf\passivedoodads\barrels\dwarvenbarrel01.obj;17883.662109375;495.60400390625;22162.365234375;0;263.745849609375;0;;1;598561;m2;197238;0;
..\..\world\khazmodan\ironforge\passivedoodads\fences\dunmoroghstonefence04.obj;17894.498046875;500.8233642578125;22184.90625;0.5000001192092896;314;6;;1.0498046875;598575;m2;203161;0;
..\..\world\khazmodan\ironforge\passivedoodads\fences\dunmoroghstonefence04.obj;17898.1640625;502.6463317871094;22189.400390625;0.500000536441803;303.5;6.000000476837158;;1.0498046875;598576;m2;203161;0;
..\..\world\generic\passivedoodads\barrel\barrel01.obj;17721.783203125;625.7009887695312;21929.25390625;-3.2233800888061523;315.5;-4.7021098136901855;;1;347723;m2;199563;0;
..\..\world\generic\human\passivedoodads\crates\replacecrate03.obj;17807.029296875;447.4669494628906;22259.544921875;0;336.224853515625;0;;1;598622;m2;198167;0;
..\..\world\khazmodan\ironforge\passivedoodads\fences\dunmoroghstonefence04.obj;17915.701171875;508.9520568847656;22215.544921875;2.000000238418579;318.5;6.5;;1;598592;m2;203161;0;
..\..\world\khazmodan\ironforge\passivedoodads\fences\dunmoroghstonefence04.obj;17917.359375;508.9441223144531;22217.91796875;-0.49999988079071045;110.5;6.499999523162842;;1;598593;m2;203161;0;
..\..\world\generic\human\passivedoodads\ropes\cavekoboldropecoil.obj;18066.916015625;893.3681030273438;21868.99609375;9.500000953674316;0;14.500001907348633;;1;167843;m2;198422;0;
..\..\world\generic\human\passivedoodads\crates\stormwindcrate01.obj;17808.236328125;447.40618896484375;22254.263671875;0;166.6474609375;0;;0.7998046875;598626;m2;198168;0;
..\..\world\khazmodan\ironforge\passivedoodads\fences\dunmoroghstonefence04.obj;17868.283203125;495.1271057128906;22169.875;0;355.5;0;;1;107363;m2;203161;0;
..\..\world\khazmodan\ironforge\passivedoodads\fences\dunmoroghstonefence04.obj;17840.51171875;495.0715637207031;22160.34375;0;326.5;0;;1;107372;m2;203161;0;
..\..\world\khazmodan\ironforge\passivedoodads\fences\dunmoroghstonefence04.obj;17843.861328125;494.83056640625;22144.4375;0;255.49998474121094;0;;1;598535;m2;203161;0;
..\..\world\khazmodan\ironforge\passivedoodads\fences\dunmoroghstonefence04.obj;17952.154296875;507.1683654785156;22227.171875;0;0;0;;1;598601;m2;203161;0;
..\..\world\azeroth\westfall\passivedoodads\barrel\westfallbarrel01.obj;17806.71484375;447.3888244628906;22258.318359375;0;19.5;0;;1;598621;m2;190535;0;
..\..\world\generic\dwarf\passivedoodads\tools\toolbox01.obj;17876.123046875;495.23785400390625;22142.828125;0;252.0308380126953;0;;1;598566;m2;197621;0;
..\..\world\generic\human\passivedoodads\crates\replacecrate03.obj;17807.099609375;448.0896301269531;22259.53515625;0;178.8189697265625;0;;1;598623;m2;198167;0;
..\..\world\generic\human\passivedoodads\buckets\cavekoboldbucket.obj;18064.876953125;893.5740966796875;21867.634765625;25.999998092651367;0;27.499996185302734;;1;167842;m2;198069;0;
..\..\world\generic\passivedoodads\furniture\containers\sack01.obj;17807.63671875;447.4903564453125;22255.36328125;0;39.76068115234375;0;;1;598628;m2;199745;0;
..\..\world\generic\passivedoodads\furniture\containers\sack01.obj;17807.1796875;447.4819641113281;22254.875;0;200.95706176757812;0;;1;598629;m2;199745;0;
..\..\world\azeroth\theblastedlands\passivedoodads\bones\blastedlandsspine01.obj;18066.224609375;893.801025390625;21868.021484375;9.5;0;14.000001907348633;;1;167839;m2;190441;0;
..\..\world\generic\dwarf\passivedoodads\tools\screwdriver01.obj;17877.517578125;495.1267395019531;22142.75;-73.00000762939453;7.207275390625;-86.50003051757812;;1;598569;m2;197619;0;
..\..\world\generic\passivedoodads\furniture\containers\sack01.obj;17807.4140625;447.6694030761719;22255.20703125;0;165.80438232421875;0;;1;598630;m2;199745;0;
..\..\world\generic\passivedoodads\furniture\containers\sack01.obj;17808.015625;448.40069580078125;22254.421875;0;189.5199432373047;0;;1;598627;m2;199745;0;
..\..\world\generic\human\passivedoodads\lanterns\generallantern02.obj;17944.3359375;507.3688049316406;22225.666015625;3.499999761581421;0;-0.4999999403953552;;0.7392578125;598605;m2;198328;0;
..\..\world\khazmodan\ironforge\passivedoodads\slimejars\slimejar02.obj;17882.9453125;496.5262756347656;22153.53515625;0;204.88967895507812;0;;0.939453125;598564;m2;203218;0;
..\..\world\generic\dwarf\passivedoodads\tools\wrench01.obj;17878.751953125;495.0711975097656;22143.662109375;90;174.2735595703125;0;;1;598568;m2;197622;0;
..\..\world\azeroth\elwynn\passivedoodads\pick\pick.obj;17943.861328125;507.3492431640625;22226.2109375;-84.00004577636719;0;13.00000286102295;;1;598604;m2;189834;0;
..\..\world\generic\dwarf\passivedoodads\tools\lunchbox01.obj;17877.1640625;496.01617431640625;22157.513671875;0;65.27401733398438;0;;1;598571;m2;197617;0;
..\..\world\khazmodan\ironforge\passivedoodads\slimejars\slimejar01.obj;17882.810546875;495.6378479003906;22153.62109375;0;37.570159912109375;0;;0.7998046875;598565;m2;203217;0;
..\..\world\generic\human\passivedoodads\lanterns\generallantern01.obj;17808.0234375;448.40087890625;22253.958984375;0;25.10992431640625;0;;0.6494140625;598631;m2;198327;0;
..\..\world\azeroth\westfall\passivedoodads\westfallchair\westfallchair.obj;17877.921875;495.1271057128906;22143.6484375;0;332.5;0;;1;598573;m2;190658;0;
..\..\world\azeroth\elwynn\passivedoodads\jugs\jug01.obj;18062.853515625;892.7109375;21868.8046875;-12.499999046325684;0;8.499998092651367;;1;167841;m2;189820;0;
..\..\world\generic\human\passivedoodads\buckets\cavekoboldbucket.obj;17806.185546875;447.5003662109375;22258.89453125;0;347.98095703125;0;;1;598625;m2;198069;0;
..\..\world\generic\dwarf\passivedoodads\tools\mallet01.obj;17877.09375;495.29339599609375;22143.6953125;-80.50000762939453;13.5684814453125;-3.9999983310699463;;1;598567;m2;197618;0;
..\..\world\generic\dwarf\passivedoodads\dynamite\gunshopdynamitebundle.obj;17884.01171875;495.9449768066406;22155.869140625;-4.000002384185791;298;-88.50001525878906;;1;598572;m2;197331;0;
..\..\world\generic\human\passivedoodads\lanterns\generallantern01.obj;17720.748046875;626.3108520507812;21929.15234375;0;0;0;;0.5791015625;347726;m2;198327;0;
..\..\world\azeroth\theblastedlands\passivedoodads\bones\blastedlandsskull01.obj;18066.421875;894.0515747070312;21867.546875;15.999998092651367;313;5.500000953674316;;1;167840;m2;190439;0;
..\..\world\azeroth\elwynn\passivedoodads\jugs\jug02.obj;17884.134765625;495.8150634765625;22155.537109375;0;138.65301513671875;-3.999999523162842;;0.87890625;107424;m2;189821;0;
..\..\world\khazmodan\ironforge\passivedoodads\slimejars\slimejar03.obj;17882.875;497.48291015625;22153.603515625;0;49.7520751953125;0;;0.869140625;598544;m2;203219;0;
..\..\world\generic\dwarf\passivedoodads\steins\dwarvenstein01.obj;17844.82421875;496.1786193847656;22152.849609375;0;29.5;0;;1;598536;m2;197551;0;
..\..\world\generic\dwarf\passivedoodads\steins\dwarvenstein01.obj;17884.087890625;497.28900146484375;22155.234375;0;179.951904296875;0;;1;598549;m2;197551;0;
..\..\world\generic\dwarf\passivedoodads\steins\dwarvenstein01.obj;17884.06640625;497.28765869140625;22155.662109375;0;320.6169738769531;0;;1;598550;m2;197551;0;
..\..\world\generic\dwarf\passivedoodads\steins\dwarvenstein01.obj;17884.251953125;497.2926330566406;22156.20703125;0;96.4189453125;0;;1;598551;m2;197551;0;
..\..\world\generic\dwarf\passivedoodads\steins\dwarvenstein02.obj;17884.2734375;497.2939453125;22156.62890625;0;215.42776489257812;0;;1;598559;m2;197552;0;
..\..\world\generic\dwarf\passivedoodads\steins\dwarvenstein02.obj;17884.0703125;496.5767822265625;22156.212890625;0;309.7300109863281;0;;1;598560;m2;197552;0;
..\..\world\generic\human\passivedoodads\mugs\stein01.obj;17877.82421875;496.0166015625;22157.2734375;0;231.88900756835938;0;;1;598558;m2;198367;0;
..\..\world\generic\human\passivedoodads\bottles\greenbottle02.obj;17806.6015625;448.3808288574219;22258.318359375;0;26.08233642578125;0;;1;598632;m2;198061;0;
..\..\world\azeroth\westfall\passivedoodads\utensils\stein.obj;17884.044921875;496.5780334472656;22155.201171875;0;152.30810546875;0;;1.259765625;598554;m2;190654;0;
..\..\world\azeroth\westfall\passivedoodads\utensils\stein.obj;17884.1640625;496.5799865722656;22156.640625;0;205.80812072753906;0;;1.259765625;598557;m2;190654;0;
..\..\world\azeroth\westfall\passivedoodads\utensils\stein.obj;17884.16015625;496.58294677734375;22155.619140625;0;67.30810546875;0;;1.259765625;598555;m2;190654;0;
..\..\world\azeroth\westfall\passivedoodads\utensils\stein.obj;17884.20703125;496.5838928222656;22155.921875;0;67.30810546875;0;;1.259765625;598556;m2;190654;0;
..\..\world\wmo\khazmodan\cities\ironforge\ironforge_set0.obj;17916.095703125;506.8182067871094;22075.193359375;0;309.5;0;0;1;7706;wmo;113992;0;Set_$DefaultGlobal
..\..\world\wmo\khazmodan\buildings\dwarven_1story_hovel\snow_hovel\snow_hovel_set2.obj;18112.99609375;395.36737060546875;22404.78515625;0;345;0;0;1;101588;wmo;113875;2;Set_B
